DATE,XUDLGBD,IUDSNZC,IUDMNZC,IUDLNZC
02 Jan 2014,0.6084,1.9782,3.1625,3.7449
03 Jan 2014,0.6081,1.9771,3.1579,3.7305
06 Jan 2014,0.6093,1.9293,3.1053,3.7073
07 Jan 2014,0.6098,1.9185,3.0831,3.6906
08 Jan 2014,0.6072,1.9674,3.114,3.706
09 Jan 2014,0.6074,1.9732,3.1076,3.7136
10 Jan 2014,0.6066,1.8904,3.0124,3.6557
13 Jan 2014,0.6104,1.8339,2.9638,3.6196
14 Jan 2014,0.6075,1.8417,2.9593,3.6197
15 Jan 2014,0.6116,1.8766,2.9968,3.6521
16 Jan 2014,0.6118,1.8244,2.9422,3.6214
17 Jan 2014,0.6081,1.8561,2.9634,3.6359
20 Jan 2014,0.609,1.8577,2.9516,3.6297
21 Jan 2014,0.6074,1.8741,2.9568,3.6319
22 Jan 2014,0.6031,1.9401,2.995,3.6457
23 Jan 2014,0.6013,1.8738,2.9291,3.6091
24 Jan 2014,0.606,1.8303,2.8906,3.5849
27 Jan 2014,0.6034,1.8454,2.9011,3.5987
28 Jan 2014,0.603,1.877,2.9319,3.6276
29 Jan 2014,0.6042,1.8145,2.8858,3.6007
30 Jan 2014,0.6061,1.8113,2.8716,3.5852
31 Jan 2014,0.6085,1.7819,2.8347,3.5521
03 Feb 2014,0.6123,1.7643,2.822,3.534
04 Feb 2014,0.6136,1.7536,2.8262,3.541
05 Feb 2014,0.6133,1.7293,2.8178,3.5418
06 Feb 2014,0.6126,1.776,2.8765,3.5814
07 Feb 2014,0.61,1.7422,2.843,3.5635
10 Feb 2014,0.6098,1.7445,2.8554,3.5783
11 Feb 2014,0.6066,1.7713,2.8655,3.5868
12 Feb 2014,0.603,1.8843,2.9467,3.639
13 Feb 2014,0.6011,1.8503,2.9125,3.6124
14 Feb 2014,0.5976,1.8687,2.9202,3.6001
17 Feb 2014,0.5984,1.8505,2.9105,3.5932
18 Feb 2014,0.5989,1.8167,2.8837,3.5828
19 Feb 2014,0.5983,1.7928,2.8666,3.5718
20 Feb 2014,0.6003,1.8612,2.9421,3.6162
21 Feb 2014,0.5993,1.8418,2.92,3.5986
24 Feb 2014,0.6013,1.8286,2.9076,3.5811
25 Feb 2014,0.5994,1.8166,2.8807,3.5699
26 Feb 2014,0.6009,1.8031,2.859,3.5561
27 Feb 2014,0.5998,1.7619,2.8089,3.5243
28 Feb 2014,0.5967,1.798,2.8561,3.5484
03 Mar 2014,0.5982,1.7438,2.7912,3.5036
04 Mar 2014,0.5998,1.7735,2.8314,3.5205
05 Mar 2014,0.5977,1.7915,2.8581,3.5402
06 Mar 2014,0.5982,1.823,2.9093,3.5794
07 Mar 2014,0.598,1.8293,2.9217,3.5895
10 Mar 2014,0.6012,1.8407,2.9295,3.5955
11 Mar 2014,0.6014,1.8296,2.9174,3.5819
12 Mar 2014,0.6022,1.8116,2.8831,3.5628
13 Mar 2014,0.5996,1.7647,2.8268,3.5267
14 Mar 2014,0.6014,1.7515,2.799,3.4916
17 Mar 2014,0.6008,1.7674,2.8114,3.4988
18 Mar 2014,0.6034,1.7708,2.8103,3.4869
19 Mar 2014,0.6014,1.7814,2.8267,3.5217
20 Mar 2014,0.6057,1.8482,2.9001,3.5949
21 Mar 2014,0.6063,1.8471,2.8815,3.5666
24 Mar 2014,0.6065,1.8082,2.8299,3.5244
25 Mar 2014,0.6058,1.826,2.8449,3.5419
26 Mar 2014,0.6037,1.8185,2.8328,3.5425
27 Mar 2014,0.602,1.8035,2.8054,3.5269
28 Mar 2014,0.6011,1.8616,2.857,3.5585
31 Mar 2014,0.5998,1.8714,2.8687,3.5515
01 Apr 2014,0.6011,1.8668,2.8762,3.5542
02 Apr 2014,0.6011,1.8913,2.9067,3.5731
03 Apr 2014,0.6029,1.8684,2.887,3.5614
04 Apr 2014,0.6028,1.8048,2.8226,3.5187
07 Apr 2014,0.602,1.7861,2.8003,3.5099
08 Apr 2014,0.5971,1.8139,2.8298,3.5327
09 Apr 2014,0.5971,1.8112,2.8307,3.5301
10 Apr 2014,0.5961,1.7356,2.7498,3.4723
11 Apr 2014,0.5981,1.7363,2.748,3.4655
14 Apr 2014,0.5976,1.7604,2.7709,3.4886
15 Apr 2014,0.5977,1.7349,2.737,3.4682
16 Apr 2014,0.5956,1.7841,2.7682,3.48
17 Apr 2014,0.595,1.8244,2.7938,3.488
22 Apr 2014,0.5944,1.8843,2.8518,3.5229
23 Apr 2014,0.596,1.8378,2.8088,3.4983
24 Apr 2014,0.5952,1.8652,2.8276,3.5146
25 Apr 2014,0.5948,1.8195,2.7714,3.4765
28 Apr 2014,0.595,1.8476,2.8041,3.4978
29 Apr 2014,0.5937,1.8714,2.8274,3.5119
30 Apr 2014,0.5922,1.857,2.8078,3.4992
01 May 2014,0.5919,1.8377,2.7788,3.4795
02 May 2014,0.5927,1.8504,2.7778,3.4706
06 May 2014,0.5885,1.8998,2.7919,3.4732
07 May 2014,0.5894,1.9054,2.8,3.474
08 May 2014,0.5899,1.8836,2.7859,3.4631
09 May 2014,0.5938,1.9158,2.8213,3.4828
12 May 2014,0.5927,1.9663,2.872,3.5099
13 May 2014,0.5939,1.909,2.8223,3.4742
14 May 2014,0.5961,1.8054,2.7331,3.4245
15 May 2014,0.5954,1.7495,2.6619,3.385
16 May 2014,0.5942,1.7917,2.7023,3.405
19 May 2014,0.5943,1.8097,2.7227,3.4146
20 May 2014,0.5936,1.8374,2.7551,3.4459
21 May 2014,0.5925,1.8689,2.7852,3.4639
22 May 2014,0.5932,1.8757,2.7954,3.4734
23 May 2014,0.5938,1.8524,2.7745,3.4623
27 May 2014,0.5951,1.8591,2.7786,3.4678
28 May 2014,0.5986,1.7784,2.687,3.413
29 May 2014,0.5982,1.7673,2.6701,3.3905
30 May 2014,0.5962,1.7997,2.7029,3.412
02 Jun 2014,0.5968,1.8387,2.7511,3.4518
03 Jun 2014,0.5974,1.8755,2.7952,3.4748
04 Jun 2014,0.5969,1.9103,2.8411,3.4978
05 Jun 2014,0.5955,1.884,2.8259,3.4879
06 Jun 2014,0.5956,1.8735,2.8064,3.4828
09 Jun 2014,0.5955,1.9119,2.841,3.5112
10 Jun 2014,0.5966,1.9435,2.8713,3.5258
11 Jun 2014,0.5957,1.9322,2.8595,3.5106
12 Jun 2014,0.5938,1.9424,2.8599,3.5109
13 Jun 2014,0.5896,2.0278,2.8882,3.5064
16 Jun 2014,0.5887,2.0412,2.8901,3.4974
17 Jun 2014,0.5893,2.0641,2.914,3.5004
18 Jun 2014,0.5904,2.0169,2.8739,3.4867
19 Jun 2014,0.5863,2.0294,2.8693,3.4936
20 Jun 2014,0.5876,2.0646,2.9033,3.5136
23 Jun 2014,0.588,2.0343,2.872,3.4977
24 Jun 2014,0.5892,2.0372,2.8782,3.4935
25 Jun 2014,0.5889,1.9589,2.789,3.4365
26 Jun 2014,0.588,1.9571,2.7763,3.4257
27 Jun 2014,0.5877,1.9612,2.7755,3.4254
30 Jun 2014,0.5849,1.9945,2.812,3.4523
01 Jul 2014,0.5835,2.033,2.8415,3.4643
02 Jul 2014,0.5824,2.0829,2.8878,3.4778
03 Jul 2014,0.5833,2.0761,2.8951,3.4894
04 Jul 2014,0.5832,2.0865,2.9023,3.497
07 Jul 2014,0.5838,2.0647,2.8764,3.488
08 Jul 2014,0.5841,1.9936,2.8017,3.4414
09 Jul 2014,0.5835,2.0115,2.807,3.4363
10 Jul 2014,0.5844,1.9816,2.7711,3.4067
11 Jul 2014,0.5847,1.9543,2.7479,3.3993
14 Jul 2014,0.5852,1.9532,2.7539,3.3951
15 Jul 2014,0.5833,2.0106,2.796,3.4108
16 Jul 2014,0.5834,2.0124,2.7984,3.4109
17 Jul 2014,0.585,1.9495,2.7373,3.3615
18 Jul 2014,0.5859,1.9457,2.7175,3.3331
21 Jul 2014,0.586,1.9298,2.7033,3.3241
22 Jul 2014,0.5862,1.956,2.7282,3.3287
23 Jul 2014,0.5868,1.9288,2.6961,3.3053
24 Jul 2014,0.5891,1.9791,2.746,3.3274
25 Jul 2014,0.5891,1.9477,2.7074,3.3065
28 Jul 2014,0.5882,1.959,2.716,3.3169
29 Jul 2014,0.5901,1.9285,2.6772,3.2937
30 Jul 2014,0.5916,1.9744,2.7296,3.3191
31 Jul 2014,0.5923,1.9847,2.7598,3.3233
01 Aug 2014,0.5939,1.9321,2.6986,3.2682
04 Aug 2014,0.5938,1.9159,2.6793,3.2467
05 Aug 2014,0.5927,1.9546,2.7239,3.2671
06 Aug 2014,0.5941,1.9106,2.6544,3.2073
07 Aug 2014,0.5937,1.8942,2.6332,3.18
08 Aug 2014,0.5953,1.8669,2.5934,3.1272
11 Aug 2014,0.5956,1.9023,2.6336,3.1832
12 Aug 2014,0.595,1.8915,2.6232,3.2025
13 Aug 2014,0.599,1.8194,2.5891,3.1942
14 Aug 2014,0.5993,1.8046,2.5786,3.1705
15 Aug 2014,0.5993,1.7507,2.5052,3.0805
18 Aug 2014,0.598,1.8192,2.5746,3.1363
19 Aug 2014,0.6018,1.7797,2.5381,3.1101
20 Aug 2014,0.6007,1.8118,2.5594,3.1214
21 Aug 2014,0.6025,1.7917,2.547,3.119
22 Aug 2014,0.6035,1.8011,2.5525,3.1225
26 Aug 2014,0.6032,1.7426,2.4761,3.0682
27 Aug 2014,0.603,1.683,2.3913,2.9993
28 Aug 2014,0.6031,1.6963,2.3896,2.979
29 Aug 2014,0.6021,1.6987,2.3916,2.9663
01 Sep 2014,0.6019,1.7178,2.4121,2.9755
02 Sep 2014,0.6058,1.7475,2.4605,3.0392
03 Sep 2014,0.6078,1.7753,2.4983,3.0769
04 Sep 2014,0.6098,1.7891,2.5199,3.1078
05 Sep 2014,0.6127,1.7498,2.497,3.1062
08 Sep 2014,0.6188,1.7173,2.4975,3.1303
09 Sep 2014,0.6209,1.7344,2.5058,3.1463
10 Sep 2014,0.6193,1.7541,2.5316,3.1848
11 Sep 2014,0.616,1.7612,2.5311,3.1708
12 Sep 2014,0.6162,1.8035,2.5728,3.1923
15 Sep 2014,0.616,1.8059,2.5761,3.192
16 Sep 2014,0.6166,1.8023,2.568,3.1865
17 Sep 2014,0.6126,1.8204,2.5566,3.1698
18 Sep 2014,0.6102,1.8803,2.6255,3.2242
19 Sep 2014,0.613,1.8678,2.5806,3.1479
22 Sep 2014,0.6125,1.8493,2.545,3.1123
23 Sep 2014,0.6112,1.8302,2.5237,3.0872
24 Sep 2014,0.6117,1.8347,2.5183,3.073
25 Sep 2014,0.6126,1.8108,2.4982,3.0719
26 Sep 2014,0.6156,1.8135,2.5002,3.0861
29 Sep 2014,0.6157,1.7987,2.4827,3.0675
30 Sep 2014,0.6168,1.781,2.4682,3.0612
01 Oct 2014,0.6172,1.7268,2.4116,3.0307
02 Oct 2014,0.6204,1.6927,2.3853,3.0084
03 Oct 2014,0.6265,1.7398,2.4365,3.0491
06 Oct 2014,0.6247,1.7061,2.4027,3.0285
07 Oct 2014,0.6217,1.6456,2.336,2.9637
08 Oct 2014,0.622,1.603,2.2963,2.9383
09 Oct 2014,0.6187,1.5959,2.3095,2.9645
10 Oct 2014,0.6238,1.5605,2.2674,2.9365
13 Oct 2014,0.6228,1.4931,2.2092,2.8913
14 Oct 2014,0.6282,1.4473,2.1823,2.8629
15 Oct 2014,0.6273,1.2806,2.0366,2.7532
16 Oct 2014,0.6242,1.3955,2.1241,2.8071
17 Oct 2014,0.6213,1.5116,2.2388,2.9067
20 Oct 2014,0.6199,1.4772,2.2001,2.8842
21 Oct 2014,0.6199,1.4899,2.2128,2.9087
22 Oct 2014,0.623,1.5119,2.2431,2.9227
23 Oct 2014,0.6238,1.5373,2.2813,2.9497
24 Oct 2014,0.6218,1.5453,2.2817,2.9499
27 Oct 2014,0.6198,1.5249,2.2594,2.9322
28 Oct 2014,0.619,1.5408,2.2812,2.964
29 Oct 2014,0.6192,1.5482,2.3055,2.9801
30 Oct 2014,0.6241,1.5353,2.2799,2.9582
31 Oct 2014,0.625,1.5647,2.3054,2.9766
03 Nov 2014,0.6259,1.6013,2.3315,2.9874
04 Nov 2014,0.6247,1.562,2.282,2.9457
05 Nov 2014,0.6259,1.5879,2.3087,2.9604
06 Nov 2014,0.6288,1.5785,2.3011,2.9577
07 Nov 2014,0.6312,1.5424,2.2655,2.9264
10 Nov 2014,0.6301,1.5267,2.247,2.9078
11 Nov 2014,0.63,1.57,2.288,2.939
12 Nov 2014,0.6317,1.5195,2.2447,2.9141
13 Nov 2014,0.6355,1.5059,2.2378,2.9184
14 Nov 2014,0.6391,1.4619,2.199,2.8887
17 Nov 2014,0.639,1.4307,2.1757,2.8823
18 Nov 2014,0.6392,1.4405,2.1797,2.8902
19 Nov 2014,0.6383,1.4597,2.1937,2.8997
20 Nov 2014,0.6368,1.4208,2.1574,2.8697
21 Nov 2014,0.6378,1.377,2.1118,2.8312
24 Nov 2014,0.637,1.3831,2.1079,2.8067
25 Nov 2014,0.6359,1.3494,2.0634,2.7571
26 Nov 2014,0.6332,1.324,2.029,2.7149
27 Nov 2014,0.636,1.2868,1.9828,2.6678
28 Nov 2014,0.6384,1.3003,1.9853,2.6605
01 Dec 2014,0.6361,1.2676,1.9482,2.6366
02 Dec 2014,0.6389,1.3461,2.028,2.7189
03 Dec 2014,0.6364,1.3929,2.0653,2.714
04 Dec 2014,0.6369,1.3711,2.0438,2.7058
05 Dec 2014,0.6414,1.4124,2.0704,2.7123
08 Dec 2014,0.6402,1.3872,2.0288,2.6911
09 Dec 2014,0.6373,1.3209,1.953,2.6155
10 Dec 2014,0.6372,1.3394,1.975,2.6254
11 Dec 2014,0.637,1.3318,1.9647,2.6093
12 Dec 2014,0.6369,1.2411,1.8612,2.5219
15 Dec 2014,0.6405,1.2515,1.8776,2.5239
16 Dec 2014,0.6358,1.2218,1.8316,2.4793
17 Dec 2014,0.6393,1.2117,1.8209,2.4877
18 Dec 2014,0.6396,1.314,1.9309,2.5755
19 Dec 2014,0.6395,1.2928,1.9195,2.5917
22 Dec 2014,0.6398,1.2653,1.8886,2.5716
23 Dec 2014,0.6442,1.2888,1.9166,2.5954
24 Dec 2014,0.6434,1.3164,1.9456,2.619
29 Dec 2014,0.644,1.2443,1.8746,2.5561
30 Dec 2014,0.6427,1.2336,1.8605,2.5323
31 Dec 2014,0.6407,1.1987,1.8196,2.4808
02 Jan 2015,0.6499,1.1721,1.788,2.4484
05 Jan 2015,0.6562,1.1155,1.7322,2.3932
06 Jan 2015,0.6592,1.0537,1.6551,2.3235
07 Jan 2015,0.6639,1.0725,1.6658,2.3294
08 Jan 2015,0.663,1.1102,1.703,2.3493
09 Jan 2015,0.6602,1.0565,1.6486,2.3061
12 Jan 2015,0.6606,1.0499,1.6345,2.2922
13 Jan 2015,0.6589,1.0706,1.646,2.2691
14 Jan 2015,0.6573,1.02,1.5691,2.1983
15 Jan 2015,0.6593,1.0285,1.5717,2.2131
16 Jan 2015,0.6617,1.0556,1.5961,2.212
19 Jan 2015,0.6597,1.0473,1.5771,2.1797
20 Jan 2015,0.6581,1.064,1.58,2.1466
21 Jan 2015,0.6616,1.0002,1.5326,2.1248
22 Jan 2015,0.6629,1.0123,1.5659,2.1711
23 Jan 2015,0.6655,0.9739,1.5212,2.1077
26 Jan 2015,0.6644,1.017,1.5555,2.1191
27 Jan 2015,0.6577,0.9993,1.5238,2.1122
28 Jan 2015,0.6588,0.9942,1.5062,2.113
29 Jan 2015,0.6633,0.9645,1.4673,2.0822
30 Jan 2015,0.6659,0.9086,1.3867,2.0083
02 Feb 2015,0.6651,0.9533,1.4292,2.0183
03 Feb 2015,0.6616,1.0312,1.5091,2.0986
04 Feb 2015,0.6572,1.0724,1.575,2.1699
05 Feb 2015,0.6542,1.0797,1.594,2.1955
06 Feb 2015,0.6549,1.1703,1.6891,2.2763
09 Feb 2015,0.6562,1.1269,1.6569,2.2646
10 Feb 2015,0.6553,1.1664,1.7122,2.3361
11 Feb 2015,0.6551,1.1708,1.7312,2.3712
12 Feb 2015,0.6509,1.1357,1.7264,2.3806
13 Feb 2015,0.6496,1.1311,1.7337,2.3919
16 Feb 2015,0.6502,1.1499,1.7567,2.4089
17 Feb 2015,0.6521,1.1997,1.8204,2.4743
18 Feb 2015,0.6474,1.2769,1.907,2.5546
19 Feb 2015,0.6477,1.2532,1.8863,2.5288
20 Feb 2015,0.6504,1.2207,1.8349,2.4657
23 Feb 2015,0.6473,1.2496,1.868,2.4949
24 Feb 2015,0.6469,1.2303,1.8272,2.4419
25 Feb 2015,0.6457,1.1917,1.7726,2.4009
26 Feb 2015,0.6489,1.2197,1.7984,2.4083
27 Feb 2015,0.6472,1.2811,1.8567,2.4648
02 Mar 2015,0.651,1.2949,1.8719,2.494
03 Mar 2015,0.6505,1.3441,1.9324,2.5718
04 Mar 2015,0.6549,1.3742,1.9754,2.6036
05 Mar 2015,0.6563,1.3491,1.9563,2.5979
06 Mar 2015,0.664,1.4304,2.0485,2.6752
09 Mar 2015,0.6624,1.4197,2.0293,2.6669
10 Mar 2015,0.6629,1.3068,1.9013,2.5747
11 Mar 2015,0.6691,1.3149,1.907,2.5821
12 Mar 2015,0.6709,1.247,1.8353,2.5017
13 Mar 2015,0.6777,1.1985,1.7953,2.4828
16 Mar 2015,0.6757,1.1748,1.7758,2.4505
17 Mar 2015,0.6783,1.1761,1.7693,2.4247
18 Mar 2015,0.6809,1.1027,1.6933,2.3673
19 Mar 2015,0.679,1.0453,1.6193,2.2841
20 Mar 2015,0.6702,1.0425,1.6147,2.2739
23 Mar 2015,0.6695,1.0317,1.6078,2.2713
24 Mar 2015,0.6726,1.0377,1.6068,2.2566
25 Mar 2015,0.6705,1.0179,1.5752,2.2213
26 Mar 2015,0.6737,1.1098,1.6693,2.2887
27 Mar 2015,0.6721,1.0649,1.63,2.2487
30 Mar 2015,0.6754,1.0857,1.66,2.2752
31 Mar 2015,0.6735,1.0851,1.6605,2.2909
01 Apr 2015,0.6749,1.059,1.6396,2.2583
02 Apr 2015,0.6744,1.1023,1.6863,2.2978
07 Apr 2015,0.6726,1.1009,1.6922,2.3232
08 Apr 2015,0.6701,1.1025,1.6777,2.2999
09 Apr 2015,0.6786,1.1014,1.6817,2.3074
10 Apr 2015,0.6825,1.1025,1.6937,2.3203
13 Apr 2015,0.683,1.1118,1.7011,2.3156
14 Apr 2015,0.6761,1.0379,1.611,2.2475
15 Apr 2015,0.6772,1.0788,1.658,2.2802
16 Apr 2015,0.6712,1.1198,1.7016,2.3186
17 Apr 2015,0.6684,1.1103,1.6853,2.314
20 Apr 2015,0.6705,1.0994,1.669,2.312
21 Apr 2015,0.6697,1.104,1.6708,2.3162
22 Apr 2015,0.6651,1.2226,1.7958,2.4193
23 Apr 2015,0.6643,1.2076,1.7914,2.4117
24 Apr 2015,0.6594,1.1726,1.7466,2.3687
27 Apr 2015,0.6574,1.2093,1.7891,2.4004
28 Apr 2015,0.6526,1.2041,1.7919,2.4041
29 Apr 2015,0.6471,1.308,1.9337,2.5469
30 Apr 2015,0.6507,1.3017,1.9447,2.5347
01 May 2015,0.6589,1.315,1.9455,2.5404
05 May 2015,0.6582,1.4096,2.0857,2.6809
06 May 2015,0.6558,1.4065,2.0838,2.6425
07 May 2015,0.6579,1.3704,2.0363,2.6053
08 May 2015,0.6484,1.3211,1.9735,2.5179
11 May 2015,0.6426,1.3862,2.0321,2.5558
12 May 2015,0.6384,1.4317,2.1051,2.6556
13 May 2015,0.6358,1.4185,2.1006,2.6392
14 May 2015,0.6346,1.408,2.1084,2.6912
15 May 2015,0.6334,1.3223,2.0154,2.5905
18 May 2015,0.6377,1.3659,2.0653,2.638
19 May 2015,0.6449,1.3734,2.0739,2.6412
20 May 2015,0.6428,1.3841,2.0916,2.6722
21 May 2015,0.6383,1.3855,2.0852,2.6765
22 May 2015,0.6451,1.3596,2.0376,2.6352
26 May 2015,0.65,1.3272,1.9874,2.5915
27 May 2015,0.6522,1.3452,2.0002,2.6014
28 May 2015,0.6539,1.2987,1.952,2.5619
29 May 2015,0.6553,1.263,1.9178,2.5294
01 Jun 2015,0.6576,1.2873,1.9619,2.5636
02 Jun 2015,0.6524,1.3675,2.0635,2.644
03 Jun 2015,0.6523,1.4471,2.1879,2.779
04 Jun 2015,0.6508,1.3901,2.1276,2.7199
05 Jun 2015,0.6561,1.4466,2.1935,2.763
08 Jun 2015,0.6547,1.4119,2.1628,2.7532
09 Jun 2015,0.6529,1.456,2.2243,2.8163
10 Jun 2015,0.6435,1.4917,2.2685,2.8703
11 Jun 2015,0.6455,1.4294,2.1954,2.813
12 Jun 2015,0.6423,1.3611,2.094,2.7126
15 Jun 2015,0.6434,1.4085,2.1516,2.7597
16 Jun 2015,0.6399,1.3979,2.131,2.7452
17 Jun 2015,0.6365,1.4646,2.1892,2.7993
18 Jun 2015,0.6297,1.4381,2.1674,2.79
19 Jun 2015,0.6296,1.4094,2.133,2.7643
22 Jun 2015,0.6322,1.4857,2.2305,2.8555
23 Jun 2015,0.6358,1.5042,2.2414,2.8615
24 Jun 2015,0.6361,1.5387,2.2592,2.857
25 Jun 2015,0.636,1.5605,2.2697,2.8481
26 Jun 2015,0.6358,1.5911,2.3026,2.8688
29 Jun 2015,0.6352,1.4882,2.1897,2.7723
30 Jun 2015,0.6358,1.4567,2.1552,2.7485
01 Jul 2015,0.6397,1.5129,2.2209,2.8272
02 Jul 2015,0.6408,1.5001,2.2058,2.8178
03 Jul 2015,0.6408,1.4389,2.1273,2.7635
06 Jul 2015,0.6409,1.4515,2.146,2.7795
07 Jul 2015,0.6486,1.2966,1.9466,2.6113
08 Jul 2015,0.6513,1.359,2.0299,2.6636
09 Jul 2015,0.6499,1.4103,2.0878,2.7124
10 Jul 2015,0.6448,1.4961,2.2107,2.8285
13 Jul 2015,0.6441,1.5296,2.2486,2.8606
14 Jul 2015,0.6423,1.5472,2.2618,2.8726
15 Jul 2015,0.6404,1.5669,2.2673,2.861
16 Jul 2015,0.6414,1.5202,2.2085,2.8156
17 Jul 2015,0.6397,1.5316,2.2103,2.8182
20 Jul 2015,0.6414,1.5282,2.204,2.8265
21 Jul 2015,0.6426,1.5327,2.2164,2.8382
22 Jul 2015,0.6398,1.511,2.1596,2.771
23 Jul 2015,0.644,1.5112,2.1531,2.7462
24 Jul 2015,0.645,1.4519,2.0581,2.6442
27 Jul 2015,0.6419,1.431,2.0451,2.6277
28 Jul 2015,0.6418,1.4373,2.0665,2.6448
29 Jul 2015,0.639,1.4581,2.0971,2.6695
30 Jul 2015,0.6407,1.471,2.0923,2.6546
31 Jul 2015,0.6408,1.3892,2.0074,2.5863
03 Aug 2015,0.6402,1.3856,2.001,2.556
04 Aug 2015,0.6411,1.3782,1.996,2.5551
05 Aug 2015,0.6408,1.4684,2.0899,2.6263
06 Aug 2015,0.645,1.4333,2.0412,2.5726
07 Aug 2015,0.6464,1.3894,1.9728,2.5077
10 Aug 2015,0.6433,1.4477,2.0415,2.563
11 Aug 2015,0.6423,1.3641,1.9399,2.4823
12 Aug 2015,0.6395,1.3213,1.9038,2.4665
13 Aug 2015,0.6417,1.3559,1.961,2.5276
14 Aug 2015,0.6407,1.3845,1.9989,2.5648
17 Aug 2015,0.6411,1.3429,1.9507,2.5408
18 Aug 2015,0.6389,1.3918,2.0026,2.5831
19 Aug 2015,0.6393,1.3706,1.9833,2.5757
20 Aug 2015,0.6384,1.3022,1.8909,2.4904
21 Aug 2015,0.6382,1.2545,1.8364,2.4481
24 Aug 2015,0.6354,1.2265,1.8044,2.4227
25 Aug 2015,0.6371,1.3189,1.9125,2.5267
26 Aug 2015,0.6435,1.3398,1.9598,2.5785
27 Aug 2015,0.6505,1.3547,1.9856,2.5981
28 Aug 2015,0.6513,1.3454,1.9669,2.5998
01 Sep 2015,0.6525,1.3427,1.9513,2.5951
02 Sep 2015,0.6539,1.3446,1.9585,2.5992
03 Sep 2015,0.6567,1.3083,1.9268,2.5828
04 Sep 2015,0.659,1.2396,1.844,2.4936
07 Sep 2015,0.655,1.2247,1.8262,2.4755
08 Sep 2015,0.6511,1.2543,1.8587,2.5046
09 Sep 2015,0.6507,1.2764,1.8852,2.5416
10 Sep 2015,0.6481,1.2649,1.8741,2.5471
11 Sep 2015,0.6493,1.2199,1.8345,2.5174
14 Sep 2015,0.6501,1.2432,1.8639,2.5439
15 Sep 2015,0.6512,1.292,1.9229,2.5864
16 Sep 2015,0.6445,1.3357,1.9584,2.6291
17 Sep 2015,0.6443,1.3528,1.9699,2.6448
18 Sep 2015,0.6416,1.2444,1.8614,2.5656
21 Sep 2015,0.6458,1.2815,1.9106,2.613
22 Sep 2015,0.6517,1.1775,1.7975,2.518
23 Sep 2015,0.6568,1.2062,1.8236,2.5433
24 Sep 2015,0.6543,1.1443,1.757,2.4785
25 Sep 2015,0.659,1.2434,1.8649,2.5787
28 Sep 2015,0.659,1.1887,1.8023,2.5252
29 Sep 2015,0.6606,1.1698,1.7753,2.4932
30 Sep 2015,0.6602,1.184,1.7919,2.5118
01 Oct 2015,0.6598,1.1733,1.7711,2.4759
02 Oct 2015,0.6579,1.1165,1.7223,2.4495
05 Oct 2015,0.6588,1.1823,1.8104,2.5479
06 Oct 2015,0.6574,1.185,1.8216,2.5556
07 Oct 2015,0.653,1.211,1.8507,2.5869
08 Oct 2015,0.6538,1.1968,1.8358,2.5819
09 Oct 2015,0.6533,1.2338,1.8803,2.6164
12 Oct 2015,0.6518,1.2,1.8458,2.5867
13 Oct 2015,0.6569,1.2062,1.8616,2.6136
14 Oct 2015,0.6478,1.1285,1.7859,2.5631
15 Oct 2015,0.6469,1.1348,1.7999,2.5661
16 Oct 2015,0.6474,1.1543,1.8181,2.585
19 Oct 2015,0.646,1.1773,1.8523,2.6304
20 Oct 2015,0.6468,1.204,1.8825,2.6377
21 Oct 2015,0.6469,1.1519,1.8215,2.5909
22 Oct 2015,0.6489,1.147,1.825,2.599
23 Oct 2015,0.6514,1.2047,1.8888,2.6486
26 Oct 2015,0.651,1.1774,1.8542,2.6108
27 Oct 2015,0.6531,1.1234,1.7838,2.5536
28 Oct 2015,0.6527,1.161,1.8257,2.5898
29 Oct 2015,0.6539,1.2896,1.9527,2.6763
30 Oct 2015,0.6475,1.2853,1.9457,2.6502
02 Nov 2015,0.6482,1.319,1.9771,2.6737
03 Nov 2015,0.6494,1.3459,1.9985,2.7075
04 Nov 2015,0.65,1.3775,2.0282,2.7314
05 Nov 2015,0.6557,1.3437,2.0061,2.7095
06 Nov 2015,0.6633,1.4169,2.0748,2.76
09 Nov 2015,0.6619,1.4264,2.0968,2.778
10 Nov 2015,0.6618,1.3939,2.066,2.7438
11 Nov 2015,0.6579,1.4093,2.0799,2.7654
12 Nov 2015,0.6582,1.3838,2.051,2.7363
13 Nov 2015,0.6581,1.3526,2.0204,2.719
16 Nov 2015,0.658,1.3099,1.9862,2.693
17 Nov 2015,0.6572,1.3485,2.0244,2.7257
18 Nov 2015,0.6574,1.3132,1.9778,2.689
19 Nov 2015,0.6538,1.2786,1.9359,2.6611
20 Nov 2015,0.6572,1.2562,1.9173,2.6489
23 Nov 2015,0.6609,1.2648,1.9308,2.6623
24 Nov 2015,0.6636,1.2466,1.9039,2.6268
25 Nov 2015,0.6637,1.2727,1.929,2.6434
26 Nov 2015,0.6611,1.2335,1.8775,2.5919
27 Nov 2015,0.6643,1.2227,1.8576,2.5798
30 Nov 2015,0.6643,1.2399,1.8741,2.5946
01 Dec 2015,0.6643,1.1867,1.8102,2.5331
02 Dec 2015,0.6693,1.1754,1.7924,2.5117
03 Dec 2015,0.6651,1.2859,1.9158,2.621
04 Dec 2015,0.6622,1.3168,1.9742,2.6694
07 Dec 2015,0.6635,1.2229,1.8645,2.5538
08 Dec 2015,0.6674,1.2223,1.8605,2.5375
09 Dec 2015,0.6587,1.273,1.9253,2.5991
10 Dec 2015,0.6595,1.2533,1.8984,2.5787
11 Dec 2015,0.6574,1.2146,1.8516,2.5436
14 Dec 2015,0.6616,1.2247,1.866,2.5595
15 Dec 2015,0.6645,1.33,1.994,2.6834
16 Dec 2015,0.6664,1.3221,1.9941,2.7077
17 Dec 2015,0.672,1.2548,1.9002,2.6396
18 Dec 2015,0.6715,1.2501,1.888,2.6214
21 Dec 2015,0.6718,1.2401,1.8709,2.5992
22 Dec 2015,0.6745,1.2938,1.9337,2.6572
23 Dec 2015,0.6726,1.3359,1.9948,2.7075
24 Dec 2015,0.6702,1.3202,1.9725,2.6855
29 Dec 2015,0.6759,1.3281,1.9629,2.6789
30 Dec 2015,0.6742,1.4028,2.0441,2.7422
31 Dec 2015,0.6748,1.3752,2.0097,2.7092
04 Jan 2016,0.6808,1.2975,1.9342,2.6469
05 Jan 2016,0.6827,1.2829,1.9299,2.6394
06 Jan 2016,0.6846,1.2103,1.8443,2.5694
07 Jan 2016,0.6865,1.2099,1.8586,2.5982
08 Jan 2016,0.6878,1.1686,1.8213,2.5758
11 Jan 2016,0.6882,1.1693,1.8261,2.5868
12 Jan 2016,0.6961,1.1509,1.8125,2.5725
13 Jan 2016,0.6925,1.1337,1.8028,2.5631
14 Jan 2016,0.6948,1.1175,1.79,2.5582
15 Jan 2016,0.699,1.0348,1.7139,2.5016
18 Jan 2016,0.7008,1.0699,1.7531,2.5363
19 Jan 2016,0.707,1.0964,1.7707,2.5541
20 Jan 2016,0.7049,1.0367,1.6839,2.4751
21 Jan 2016,0.7075,1.0809,1.7353,2.5139
22 Jan 2016,0.6978,1.1213,1.778,2.5362
25 Jan 2016,0.7009,1.0902,1.7467,2.4957
26 Jan 2016,0.6981,1.0965,1.7539,2.4873
27 Jan 2016,0.7014,1.0936,1.7558,2.4763
28 Jan 2016,0.695,1.0652,1.7281,2.4578
29 Jan 2016,0.7049,0.9573,1.6355,2.3858
01 Feb 2016,0.6961,1.0182,1.6975,2.4513
02 Feb 2016,0.6956,0.948,1.62,2.3938
03 Feb 2016,0.6853,0.9018,1.578,2.3541
04 Feb 2016,0.686,0.9351,1.636,2.404
05 Feb 2016,0.6905,0.9391,1.6383,2.4085
08 Feb 2016,0.696,0.7924,1.4715,2.2702
09 Feb 2016,0.6904,0.8039,1.4813,2.2848
10 Feb 2016,0.6916,0.8225,1.4894,2.2947
11 Feb 2016,0.6928,0.6821,1.3448,2.1781
12 Feb 2016,0.6917,0.8086,1.4708,2.2803
15 Feb 2016,0.6918,0.825,1.4924,2.304
16 Feb 2016,0.699,0.8167,1.4945,2.31
17 Feb 2016,0.6986,0.8564,1.5569,2.3705
18 Feb 2016,0.6961,0.8203,1.512,2.3473
19 Feb 2016,0.701,0.7917,1.477,2.3198
22 Feb 2016,0.7075,0.7852,1.4721,2.3205
23 Feb 2016,0.709,0.7936,1.4997,2.3482
24 Feb 2016,0.7178,0.7243,1.4213,2.3047
25 Feb 2016,0.7169,0.732,1.4431,2.3396
26 Feb 2016,0.7214,0.7598,1.4882,2.3708
29 Feb 2016,0.7179,0.6909,1.4096,2.3061
01 Mar 2016,0.7181,0.7406,1.4685,2.3426
02 Mar 2016,0.711,0.8089,1.5436,2.3792
03 Mar 2016,0.7064,0.8113,1.5293,2.3441
04 Mar 2016,0.7034,0.8438,1.5716,2.3813
07 Mar 2016,0.704,0.8313,1.5594,2.3865
08 Mar 2016,0.7037,0.7622,1.4501,2.2562
09 Mar 2016,0.7031,0.8492,1.5537,2.346
10 Mar 2016,0.699,0.9187,1.6123,2.3637
11 Mar 2016,0.6947,0.9726,1.6593,2.4005
14 Mar 2016,0.6982,0.9527,1.6285,2.3603
15 Mar 2016,0.706,0.9219,1.6125,2.3588
16 Mar 2016,0.7093,0.9023,1.5989,2.3697
17 Mar 2016,0.6901,0.8437,1.5393,2.3314
18 Mar 2016,0.689,0.8475,1.5475,2.3325
21 Mar 2016,0.6943,0.8589,1.5642,2.3553
22 Mar 2016,0.7034,0.8387,1.5429,2.3444
23 Mar 2016,0.7087,0.8367,1.5355,2.331
24 Mar 2016,0.7071,0.8602,1.5518,2.3662
29 Mar 2016,0.701,0.8251,1.5061,2.3428
30 Mar 2016,0.6921,0.8506,1.5431,2.3725
31 Mar 2016,0.6955,0.8064,1.5041,2.3188
01 Apr 2016,0.705,0.8121,1.5226,2.3397
04 Apr 2016,0.6997,0.8059,1.5181,2.3283
05 Apr 2016,0.7076,0.7587,1.4629,2.2911
06 Apr 2016,0.7099,0.7606,1.4791,2.2914
07 Apr 2016,0.7095,0.7059,1.4206,2.2412
08 Apr 2016,0.7089,0.7382,1.4665,2.2918
11 Apr 2016,0.7011,0.7596,1.4966,2.3311
12 Apr 2016,0.7038,0.8078,1.5459,2.375
13 Apr 2016,0.7039,0.8025,1.5323,2.3384
14 Apr 2016,0.7072,0.8151,1.5453,2.3458
15 Apr 2016,0.7053,0.7958,1.5169,2.3257
18 Apr 2016,0.7006,0.8433,1.5762,2.389
19 Apr 2016,0.6943,0.8807,1.6199,2.4189
20 Apr 2016,0.6944,0.8369,1.5632,2.3562
21 Apr 2016,0.6974,0.9293,1.6772,2.4428
22 Apr 2016,0.694,0.9454,1.6971,2.4573
25 Apr 2016,0.6897,0.9582,1.6988,2.4511
26 Apr 2016,0.6857,1.0124,1.7551,2.5197
27 Apr 2016,0.6879,0.9871,1.7159,2.4804
28 Apr 2016,0.6863,0.9663,1.6917,2.4578
29 Apr 2016,0.6826,0.9684,1.6947,2.4476
03 May 2016,0.6872,0.9088,1.6194,2.3685
04 May 2016,0.6905,0.9005,1.6243,2.3884
05 May 2016,0.6898,0.8593,1.5756,2.3587
06 May 2016,0.6929,0.8155,1.52,2.3169
09 May 2016,0.6945,0.8048,1.5198,2.3301
10 May 2016,0.6915,0.791,1.5074,2.3196
11 May 2016,0.6913,0.7917,1.4985,2.3153
12 May 2016,0.6895,0.8051,1.5103,2.3269
13 May 2016,0.6968,0.7827,1.4804,2.2945
16 May 2016,0.6942,0.8025,1.501,2.3055
17 May 2016,0.6912,0.7826,1.4718,2.2826
18 May 2016,0.6841,0.8519,1.547,2.356
19 May 2016,0.6856,0.8578,1.5421,2.3471
20 May 2016,0.6889,0.8899,1.5735,2.3707
23 May 2016,0.6915,0.8935,1.5696,2.365
24 May 2016,0.6845,0.9269,1.584,2.3649
25 May 2016,0.6796,0.9147,1.5582,2.3284
26 May 2016,0.6811,0.8831,1.5237,2.2907
27 May 2016,0.6842,0.9098,1.5477,2.3021
31 May 2016,0.687,0.9044,1.5474,2.2818
01 Jun 2016,0.6938,0.8411,1.4824,2.2246
02 Jun 2016,0.6922,0.8101,1.4555,2.2124
03 Jun 2016,0.6888,0.7461,1.3888,2.1623
06 Jun 2016,0.6914,0.7457,1.3971,2.1804
07 Jun 2016,0.6868,0.7344,1.3765,2.1726
08 Jun 2016,0.6872,0.7424,1.3639,2.1468
09 Jun 2016,0.6913,0.737,1.3508,2.1225
10 Jun 2016,0.6976,0.7353,1.3358,2.1082
13 Jun 2016,0.7002,0.7226,1.329,2.1028
14 Jun 2016,0.7085,0.646,1.2456,2.038
15 Jun 2016,0.7044,0.6381,1.2314,2.0029
16 Jun 2016,0.711,0.625,1.2155,2.0013
17 Jun 2016,0.6996,0.6683,1.2584,2.0692
20 Jun 2016,0.6805,0.7693,1.3619,2.174
21 Jun 2016,0.6817,0.8064,1.3993,2.2055
22 Jun 2016,0.6809,0.828,1.4396,2.2314
23 Jun 2016,0.6758,0.8625,1.481,2.2516
24 Jun 2016,0.7342,0.5672,1.2172,2.0013
27 Jun 2016,0.7603,0.4156,1.0721,1.8824
28 Jun 2016,0.7506,0.4366,1.0748,1.8577
29 Jun 2016,0.7395,0.4475,1.0635,1.8207
30 Jun 2016,0.7447,0.3959,1.0263,1.7905
01 Jul 2016,0.7536,0.3971,0.9859,1.7318
04 Jul 2016,0.7526,0.3782,0.9529,1.7044
05 Jul 2016,0.7664,0.3357,0.8941,1.6405
06 Jul 2016,0.7761,0.3434,0.8802,1.624
07 Jul 2016,0.7733,0.3488,0.8984,1.6685
08 Jul 2016,0.7716,0.3274,0.861,1.6332
11 Jul 2016,0.77,0.346,0.869,1.6395
12 Jul 2016,0.7584,0.3927,0.9245,1.6909
13 Jul 2016,0.7567,0.3297,0.8611,1.6324
14 Jul 2016,0.7506,0.3707,0.9128,1.6728
15 Jul 2016,0.7558,0.4004,0.9593,1.7446
18 Jul 2016,0.7527,0.3885,0.9345,1.7207
19 Jul 2016,0.7613,0.3898,0.9288,1.7217
20 Jul 2016,0.759,0.4013,0.9561,1.7602
21 Jul 2016,0.7569,0.3995,0.971,1.7884
22 Jul 2016,0.7642,0.3586,0.9338,1.7494
25 Jul 2016,0.7621,0.3508,0.9328,1.7346
26 Jul 2016,0.7624,0.37,0.9514,1.7495
27 Jul 2016,0.7625,0.2992,0.8496,1.6433
28 Jul 2016,0.7622,0.2935,0.8283,1.6231
29 Jul 2016,0.7537,0.2752,0.7998,1.567
01 Aug 2016,0.7572,0.3218,0.8452,1.6056
02 Aug 2016,0.7515,0.3697,0.9213,1.6648
03 Aug 2016,0.7506,0.3542,0.9106,1.6474
04 Aug 2016,0.7617,0.1961,0.7429,1.4844
05 Aug 2016,0.7658,0.2091,0.7631,1.4765
08 Aug 2016,0.767,0.1669,0.7211,1.4385
09 Aug 2016,0.7697,0.1415,0.673,1.3708
10 Aug 2016,0.7684,0.1458,0.6407,1.2709
11 Aug 2016,0.7712,0.1712,0.628,1.2185
12 Aug 2016,0.7731,0.1609,0.6228,1.243
15 Aug 2016,0.7767,0.1745,0.6514,1.2948
16 Aug 2016,0.7712,0.2228,0.6999,1.3423
17 Aug 2016,0.7687,0.2028,0.6883,1.3495
18 Aug 2016,0.7598,0.2054,0.6874,1.3346
19 Aug 2016,0.7659,0.2395,0.741,1.3838
22 Aug 2016,0.7607,0.2138,0.6972,1.338
23 Aug 2016,0.7584,0.2053,0.6726,1.2862
24 Aug 2016,0.7547,0.221,0.6899,1.2884
25 Aug 2016,0.7582,0.2256,0.6896,1.2866
26 Aug 2016,0.7576,0.2153,0.6591,1.2558
30 Aug 2016,0.7636,0.2267,0.6609,1.2545
31 Aug 2016,0.7634,0.2182,0.6615,1.2793
01 Sep 2016,0.7519,0.2285,0.7001,1.3035
02 Sep 2016,0.7514,0.2743,0.7703,1.3677
05 Sep 2016,0.7523,0.2529,0.7381,1.3358
06 Sep 2016,0.7446,0.209,0.6972,1.3348
07 Sep 2016,0.7496,0.1928,0.6966,1.3276
08 Sep 2016,0.751,0.2675,0.7869,1.4172
09 Sep 2016,0.7542,0.3358,0.9002,1.5443
12 Sep 2016,0.7517,0.3283,0.9019,1.5522
13 Sep 2016,0.7587,0.3521,0.9296,1.5847
14 Sep 2016,0.759,0.3518,0.928,1.6034
15 Sep 2016,0.758,0.3437,0.9368,1.6244
16 Sep 2016,0.7646,0.3156,0.9053,1.597
19 Sep 2016,0.7656,0.3273,0.919,1.6254
20 Sep 2016,0.7723,0.2787,0.8405,1.5592
21 Sep 2016,0.7717,0.2833,0.8465,1.576
22 Sep 2016,0.7637,0.2332,0.7533,1.4536
23 Sep 2016,0.7716,0.2403,0.7599,1.4606
26 Sep 2016,0.7707,0.2207,0.7367,1.4283
27 Sep 2016,0.77,0.1955,0.6963,1.3791
28 Sep 2016,0.7698,0.1928,0.7014,1.399
29 Sep 2016,0.7703,0.2194,0.7478,1.4473
30 Sep 2016,0.7698,0.2591,0.7968,1.5211
03 Oct 2016,0.7792,0.2337,0.7745,1.4858
04 Oct 2016,0.7841,0.2535,0.7991,1.5107
05 Oct 2016,0.7848,0.2905,0.8586,1.562
06 Oct 2016,0.7908,0.3273,0.9215,1.6219
07 Oct 2016,0.8022,0.4008,1.0109,1.6918
10 Oct 2016,0.808,0.4545,1.0646,1.7326
11 Oct 2016,0.8179,0.4313,1.0353,1.7129
12 Oct 2016,0.8208,0.4694,1.0891,1.7732
13 Oct 2016,0.8201,0.4493,1.0601,1.7351
14 Oct 2016,0.82,0.5159,1.148,1.802
17 Oct 2016,0.8227,0.525,1.1696,1.8079
18 Oct 2016,0.8129,0.5066,1.132,1.7827
19 Oct 2016,0.8138,0.5083,1.1268,1.7775
20 Oct 2016,0.8167,0.5131,1.1261,1.7675
21 Oct 2016,0.82,0.5187,1.1213,1.7621
24 Oct 2016,0.8193,0.5297,1.1345,1.7783
25 Oct 2016,0.8242,0.5218,1.1217,1.7655
26 Oct 2016,0.8171,0.5908,1.2045,1.8388
27 Oct 2016,0.8211,0.6466,1.2924,1.8877
28 Oct 2016,0.8234,0.6572,1.307,1.9388
31 Oct 2016,0.8187,0.6341,1.2877,1.9205
01 Nov 2016,0.8183,0.6613,1.3338,1.9837
02 Nov 2016,0.812,0.5802,1.2378,1.9035
03 Nov 2016,0.8029,0.5993,1.2638,1.9214
04 Nov 2016,0.7971,0.5407,1.1885,1.8453
07 Nov 2016,0.8069,0.5818,1.247,1.9089
08 Nov 2016,0.806,0.6192,1.2865,1.9349
09 Nov 2016,0.8036,0.6167,1.2909,1.959
10 Nov 2016,0.8009,0.6977,1.3991,2.0652
11 Nov 2016,0.795,0.7099,1.4199,2.0717
14 Nov 2016,0.803,0.751,1.4954,2.1432
15 Nov 2016,0.8075,0.7084,1.437,2.0686
16 Nov 2016,0.805,0.7308,1.4673,2.0864
17 Nov 2016,0.8041,0.7205,1.4529,2.0715
18 Nov 2016,0.8122,0.7689,1.5336,2.1517
21 Nov 2016,0.8017,0.7364,1.4869,2.1074
22 Nov 2016,0.805,0.7077,1.4593,2.1034
23 Nov 2016,0.8065,0.7434,1.5342,2.1626
24 Nov 2016,0.8023,0.7119,1.4997,2.1307
25 Nov 2016,0.803,0.6927,1.4818,2.1287
28 Nov 2016,0.8057,0.6496,1.4406,2.1042
29 Nov 2016,0.7996,0.6545,1.4508,2.098
30 Nov 2016,0.8002,0.6747,1.4765,2.1026
01 Dec 2016,0.7923,0.7147,1.5399,2.1665
02 Dec 2016,0.79,0.6483,1.4445,2.0821
05 Dec 2016,0.787,0.6579,1.467,2.0845
06 Dec 2016,0.7867,0.6781,1.481,2.1104
07 Dec 2016,0.7931,0.6466,1.4332,2.0813
08 Dec 2016,0.7965,0.6478,1.4508,2.0919
09 Dec 2016,0.7959,0.6852,1.5066,2.1535
12 Dec 2016,0.7893,0.7163,1.557,2.2129
13 Dec 2016,0.7884,0.6789,1.5014,2.158
14 Dec 2016,0.7873,0.6457,1.4565,2.1149
15 Dec 2016,0.8059,0.7364,1.5751,2.2264
16 Dec 2016,0.8042,0.7159,1.5261,2.1709
19 Dec 2016,0.807,0.6792,1.4794,2.1288
20 Dec 2016,0.8095,0.6833,1.4881,2.1321
21 Dec 2016,0.808,0.6465,1.4408,2.0806
22 Dec 2016,0.8131,0.6415,1.4326,2.0614
23 Dec 2016,0.8159,0.6206,1.4012,2.0264
28 Dec 2016,0.8179,0.5958,1.3587,1.9882
29 Dec 2016,0.8179,0.5492,1.2848,1.9167
30 Dec 2016,0.8128,0.5495,1.2955,1.9308
03 Jan 2017,0.817,0.6418,1.3976,2.04
04 Jan 2017,0.8133,0.6379,1.3915,2.0312
05 Jan 2017,0.8048,0.6411,1.3849,2.0354
06 Jan 2017,0.8118,0.6882,1.4388,2.0775
09 Jan 2017,0.8232,0.6674,1.4147,2.0554
10 Jan 2017,0.8207,0.6777,1.421,2.0595
11 Jan 2017,0.8284,0.6702,1.4221,2.0667
12 Jan 2017,0.8184,0.6221,1.359,2.0155
13 Jan 2017,0.8207,0.6676,1.4285,2.0856
16 Jan 2017,0.8288,0.6337,1.391,2.0569
17 Jan 2017,0.8074,0.6236,1.3667,2.0203
18 Jan 2017,0.81,0.6451,1.3911,2.0374
19 Jan 2017,0.8127,0.6982,1.4593,2.1047
20 Jan 2017,0.8115,0.718,1.4898,2.1294
23 Jan 2017,0.8003,0.6816,1.4485,2.0966
24 Jan 2017,0.7992,0.6795,1.4492,2.0753
25 Jan 2017,0.7933,0.7258,1.5297,2.1613
26 Jan 2017,0.7943,0.7665,1.5782,2.2046
27 Jan 2017,0.7966,0.7368,1.5377,2.1697
30 Jan 2017,0.799,0.726,1.5103,2.1401
31 Jan 2017,0.7943,0.7134,1.4858,2.1078
01 Feb 2017,0.7907,0.7461,1.5331,2.1561
02 Feb 2017,0.7981,0.68,1.4618,2.1136
03 Feb 2017,0.7997,0.6542,1.4378,2.1068
06 Feb 2017,0.8036,0.6229,1.3979,2.079
07 Feb 2017,0.8046,0.5996,1.3672,2.0547
08 Feb 2017,0.7979,0.5591,1.2992,1.9855
09 Feb 2017,0.7982,0.5649,1.3094,1.991
10 Feb 2017,0.8012,0.593,1.3459,2.0299
13 Feb 2017,0.7998,0.6122,1.3689,2.057
14 Feb 2017,0.8024,0.6232,1.3891,2.0737
15 Feb 2017,0.8034,0.6157,1.3846,2.0842
16 Feb 2017,0.8,0.5707,1.3315,2.0282
17 Feb 2017,0.8044,0.5318,1.2852,1.9912
20 Feb 2017,0.8017,0.5353,1.2992,2.0134
21 Feb 2017,0.8021,0.5514,1.3207,2.0295
22 Feb 2017,0.8027,0.5111,1.2782,1.9962
23 Feb 2017,0.7969,0.4803,1.2237,1.9527
24 Feb 2017,0.8007,0.4337,1.1477,1.8813
27 Feb 2017,0.8019,0.4259,1.142,1.8824
28 Feb 2017,0.8035,0.4196,1.1303,1.8546
01 Mar 2017,0.8119,0.4626,1.1845,1.8938
02 Mar 2017,0.814,0.4678,1.1979,1.9157
03 Mar 2017,0.8156,0.4508,1.1857,1.914
06 Mar 2017,0.816,0.4645,1.2051,1.9348
07 Mar 2017,0.8201,0.4411,1.1776,1.9045
08 Mar 2017,0.8218,0.4709,1.2267,1.9432
09 Mar 2017,0.823,0.4679,1.2119,1.932
10 Mar 2017,0.8219,0.4926,1.2408,1.9675
13 Mar 2017,0.8174,0.4893,1.2528,1.9837
14 Mar 2017,0.8219,0.4674,1.2383,1.9751
15 Mar 2017,0.8182,0.4424,1.2228,1.9592
16 Mar 2017,0.8085,0.4701,1.2484,1.9614
17 Mar 2017,0.8083,0.4649,1.2379,1.9463
20 Mar 2017,0.8087,0.4651,1.2354,1.9433
21 Mar 2017,0.8013,0.5071,1.2551,1.9557
22 Mar 2017,0.8015,0.4555,1.1756,1.8762
23 Mar 2017,0.7983,0.5047,1.2288,1.9243
24 Mar 2017,0.8006,0.507,1.2071,1.8977
27 Mar 2017,0.7955,0.4998,1.181,1.8744
28 Mar 2017,0.7977,0.5098,1.1967,1.8844
29 Mar 2017,0.8057,0.4821,1.1599,1.8597
30 Mar 2017,0.8007,0.4387,1.127,1.829
31 Mar 2017,0.7996,0.4384,1.1343,1.8285
03 Apr 2017,0.8011,0.3983,1.0741,1.7679
04 Apr 2017,0.8033,0.4028,1.0716,1.7712
05 Apr 2017,0.8015,0.4286,1.1033,1.8047
06 Apr 2017,0.8003,0.4382,1.1063,1.8048
07 Apr 2017,0.807,0.4214,1.0872,1.7929
10 Apr 2017,0.8048,0.4219,1.103,1.8047
11 Apr 2017,0.8007,0.3899,1.0645,1.7666
12 Apr 2017,0.7994,0.3921,1.0686,1.7726
13 Apr 2017,0.7989,0.3957,1.0615,1.7666
18 Apr 2017,0.7834,0.3923,1.0546,1.7536
19 Apr 2017,0.7806,0.4239,1.0846,1.7707
20 Apr 2017,0.7788,0.4224,1.0866,1.7762
21 Apr 2017,0.7827,0.393,1.0588,1.7673
24 Apr 2017,0.7827,0.413,1.0923,1.806
25 Apr 2017,0.7795,0.4238,1.1066,1.8253
26 Apr 2017,0.7777,0.421,1.1107,1.8375
27 Apr 2017,0.7755,0.3956,1.0894,1.828
28 Apr 2017,0.7729,0.4062,1.1067,1.8271
02 May 2017,0.774,0.4171,1.1195,1.8495
03 May 2017,0.7754,0.4058,1.1058,1.8475
04 May 2017,0.7743,0.4367,1.1432,1.8929
05 May 2017,0.7717,0.4479,1.1517,1.911
08 May 2017,0.7727,0.4628,1.177,1.9364
09 May 2017,0.7721,0.5043,1.2314,1.9647
10 May 2017,0.7723,0.4822,1.2007,1.925
11 May 2017,0.7766,0.4683,1.1967,1.9207
12 May 2017,0.7758,0.4131,1.1234,1.862
15 May 2017,0.7741,0.4338,1.1594,1.9084
16 May 2017,0.7741,0.4359,1.1479,1.8775
17 May 2017,0.7709,0.4028,1.1022,1.8329
18 May 2017,0.7693,0.4047,1.0957,1.8171
19 May 2017,0.7677,0.4217,1.1192,1.8227
22 May 2017,0.7683,0.4147,1.1145,1.822
23 May 2017,0.7704,0.4079,1.1028,1.8
24 May 2017,0.7722,0.4097,1.1054,1.7986
25 May 2017,0.7724,0.3931,1.0791,1.7781
26 May 2017,0.7818,0.3735,1.0488,1.7584
30 May 2017,0.7775,0.3606,1.0366,1.7604
31 May 2017,0.7745,0.3898,1.0669,1.7856
01 Jun 2017,0.775,0.421,1.1007,1.8191
02 Jun 2017,0.7763,0.4135,1.0876,1.8147
05 Jun 2017,0.7734,0.4153,1.0925,1.817
06 Jun 2017,0.7755,0.3732,1.0298,1.7658
07 Jun 2017,0.7717,0.3712,1.0263,1.7483
08 Jun 2017,0.7724,0.4046,1.0773,1.8021
09 Jun 2017,0.7848,0.3753,1.056,1.7921
12 Jun 2017,0.7891,0.3398,1.0204,1.7813
13 Jun 2017,0.7855,0.3891,1.0749,1.8487
14 Jun 2017,0.7819,0.3101,0.9756,1.75
15 Jun 2017,0.7836,0.4196,1.0779,1.8357
16 Jun 2017,0.7812,0.401,1.0631,1.8171
19 Jun 2017,0.7838,0.4156,1.0686,1.8018
20 Jun 2017,0.7925,0.3842,1.0463,1.7792
21 Jun 2017,0.7896,0.4203,1.0613,1.7711
22 Jun 2017,0.7898,0.426,1.0558,1.7538
23 Jun 2017,0.7851,0.4475,1.0708,1.7646
26 Jun 2017,0.7851,0.446,1.0638,1.7665
27 Jun 2017,0.7827,0.486,1.1249,1.8154
28 Jun 2017,0.7727,0.5461,1.1951,1.8646
29 Jun 2017,0.7695,0.6253,1.2846,1.9571
30 Jun 2017,0.7698,0.6352,1.2971,1.9618
03 Jul 2017,0.773,0.6457,1.3139,1.9756
04 Jul 2017,0.7735,0.6205,1.2899,1.9608
05 Jul 2017,0.7737,0.5999,1.2978,1.9764
06 Jul 2017,0.7724,0.6667,1.3631,2.0411
07 Jul 2017,0.7764,0.6414,1.3475,2.0382
10 Jul 2017,0.7775,0.6112,1.3148,1.9962
11 Jul 2017,0.7786,0.627,1.3224,1.9987
12 Jul 2017,0.7758,0.6195,1.3051,1.9804
13 Jul 2017,0.7732,0.6418,1.333,2.0038
14 Jul 2017,0.7642,0.652,1.3542,2.0229
17 Jul 2017,0.7653,0.6208,1.3154,1.9999
18 Jul 2017,0.7682,0.5656,1.253,1.9508
19 Jul 2017,0.7667,0.5415,1.2241,1.9209
20 Jul 2017,0.7699,0.5626,1.2483,1.9471
21 Jul 2017,0.7698,0.5304,1.2096,1.9107
24 Jul 2017,0.7665,0.5375,1.218,1.9164
25 Jul 2017,0.7663,0.5856,1.2846,1.9712
26 Jul 2017,0.7659,0.5558,1.2632,1.9592
27 Jul 2017,0.7641,0.5203,1.2352,1.9453
28 Jul 2017,0.7623,0.5408,1.2533,1.9523
31 Jul 2017,0.7586,0.5555,1.2613,1.9555
01 Aug 2017,0.7559,0.5409,1.2414,1.9233
02 Aug 2017,0.7563,0.5692,1.2737,1.957
03 Aug 2017,0.7608,0.5017,1.192,1.893
04 Aug 2017,0.767,0.5149,1.2009,1.9039
07 Aug 2017,0.7679,0.4865,1.1736,1.8785
08 Aug 2017,0.7716,0.4972,1.1861,1.8847
09 Aug 2017,0.7696,0.4608,1.1353,1.8379
10 Aug 2017,0.7698,0.4531,1.111,1.8128
11 Aug 2017,0.7706,0.442,1.0969,1.8007
14 Aug 2017,0.77,0.4558,1.1145,1.8154
15 Aug 2017,0.778,0.4642,1.1238,1.8321
16 Aug 2017,0.7771,0.4851,1.1443,1.8595
17 Aug 2017,0.7757,0.4786,1.134,1.8523
18 Aug 2017,0.7778,0.468,1.1174,1.8369
21 Aug 2017,0.775,0.462,1.1039,1.8161
22 Aug 2017,0.7791,0.465,1.1226,1.8361
23 Aug 2017,0.7815,0.4414,1.0893,1.8057
24 Aug 2017,0.7814,0.4433,1.0964,1.8112
25 Aug 2017,0.7766,0.4341,1.0924,1.802
29 Aug 2017,0.7721,0.3986,1.039,1.756
30 Aug 2017,0.774,0.4226,1.0788,1.8004
31 Aug 2017,0.776,0.4195,1.0758,1.7913
01 Sep 2017,0.7708,0.4387,1.1043,1.8163
04 Sep 2017,0.7718,0.4342,1.101,1.8222
05 Sep 2017,0.7676,0.4077,1.0609,1.7732
06 Sep 2017,0.7651,0.3983,1.0522,1.7588
07 Sep 2017,0.7627,0.3683,1.0065,1.7124
08 Sep 2017,0.7585,0.4085,1.0421,1.736
11 Sep 2017,0.7586,0.4623,1.0867,1.7788
12 Sep 2017,0.754,0.5574,1.1923,1.8842
13 Sep 2017,0.7559,0.557,1.1947,1.8836
14 Sep 2017,0.7491,0.6455,1.266,1.932
15 Sep 2017,0.7355,0.7466,1.3643,1.9933
18 Sep 2017,0.7376,0.7281,1.3477,1.9864
19 Sep 2017,0.7395,0.7444,1.3736,2.0111
20 Sep 2017,0.7371,0.7459,1.3755,2.0069
21 Sep 2017,0.7384,0.7783,1.4109,2.0277
22 Sep 2017,0.7393,0.7765,1.4052,2.0291
25 Sep 2017,0.7416,0.7538,1.3756,1.9989
26 Sep 2017,0.7453,0.7639,1.3769,1.9955
27 Sep 2017,0.747,0.8028,1.423,2.0351
28 Sep 2017,0.7438,0.8014,1.4234,2.028
29 Sep 2017,0.7454,0.7839,1.4009,2.0041
02 Oct 2017,0.7532,0.7586,1.3685,1.9753
03 Oct 2017,0.755,0.7823,1.3996,1.9972
04 Oct 2017,0.7532,0.7867,1.4122,2.0182
05 Oct 2017,0.7611,0.7959,1.4294,2.0538
06 Oct 2017,0.7658,0.7691,1.4103,2.0431
09 Oct 2017,0.7615,0.761,1.4026,2.0412
10 Oct 2017,0.7565,0.7776,1.4096,2.0416
11 Oct 2017,0.7582,0.794,1.4223,2.0501
12 Oct 2017,0.7596,0.805,1.4221,2.0431
13 Oct 2017,0.7516,0.8082,1.4111,2.0209
16 Oct 2017,0.7529,0.7881,1.3848,1.9905
17 Oct 2017,0.7594,0.7344,1.329,1.9468
18 Oct 2017,0.7592,0.7647,1.3604,1.9744
19 Oct 2017,0.7574,0.7303,1.3206,1.9401
20 Oct 2017,0.7582,0.7739,1.3794,2.001
23 Oct 2017,0.7584,0.7608,1.3586,1.9805
24 Oct 2017,0.7623,0.7999,1.4039,2.014
25 Oct 2017,0.7545,0.859,1.4643,2.0573
26 Oct 2017,0.7592,0.8453,1.4559,2.0572
27 Oct 2017,0.7627,0.8078,1.4121,2.0247
30 Oct 2017,0.7579,0.7829,1.3846,2.003
31 Oct 2017,0.753,0.7923,1.3894,1.9978
01 Nov 2017,0.7543,0.8229,1.4025,1.9975
02 Nov 2017,0.7652,0.7193,1.3185,1.9419
03 Nov 2017,0.7653,0.7315,1.3204,1.9546
06 Nov 2017,0.7621,0.7275,1.3135,1.9439
07 Nov 2017,0.761,0.7167,1.2963,1.9257
08 Nov 2017,0.7634,0.7003,1.2657,1.8822
09 Nov 2017,0.7623,0.7445,1.3191,1.9273
10 Nov 2017,0.7564,0.8076,1.399,1.9976
13 Nov 2017,0.7627,0.8018,1.3899,1.9876
14 Nov 2017,0.7623,0.7804,1.3719,1.9768
15 Nov 2017,0.7597,0.7648,1.3474,1.9541
16 Nov 2017,0.7578,0.7833,1.3619,1.9616
17 Nov 2017,0.7572,0.7896,1.3626,1.9533
20 Nov 2017,0.754,0.7759,1.3405,1.918
21 Nov 2017,0.7559,0.7741,1.3294,1.9036
22 Nov 2017,0.7528,0.7728,1.334,1.9154
23 Nov 2017,0.752,0.7464,1.307,1.898
24 Nov 2017,0.749,0.7493,1.306,1.883
27 Nov 2017,0.7496,0.7605,1.317,1.8994
28 Nov 2017,0.7557,0.7613,1.3124,1.9021
29 Nov 2017,0.7456,0.8511,1.4092,1.9771
30 Nov 2017,0.7391,0.8269,1.3844,1.9538
01 Dec 2017,0.7413,0.7352,1.2825,1.8675
04 Dec 2017,0.7419,0.7945,1.342,1.9246
05 Dec 2017,0.7431,0.7807,1.3229,1.9075
06 Dec 2017,0.7473,0.7612,1.2891,1.8778
07 Dec 2017,0.7453,0.779,1.3135,1.9084
08 Dec 2017,0.7476,0.7976,1.3401,1.9274
11 Dec 2017,0.7484,0.7338,1.2652,1.8639
12 Dec 2017,0.7506,0.7537,1.2885,1.8735
13 Dec 2017,0.7483,0.7608,1.2803,1.8609
14 Dec 2017,0.7449,0.7298,1.2379,1.8039
15 Dec 2017,0.7509,0.7261,1.2215,1.7918
18 Dec 2017,0.7464,0.7211,1.2113,1.7828
19 Dec 2017,0.7491,0.7614,1.2728,1.8557
20 Dec 2017,0.7459,0.7968,1.3281,1.9082
21 Dec 2017,0.7488,0.794,1.3296,1.9109
22 Dec 2017,0.747,0.7739,1.3074,1.8909
27 Dec 2017,0.7463,0.728,1.2405,1.8332
28 Dec 2017,0.7443,0.7501,1.2656,1.8457
29 Dec 2017,0.7402,0.7444,1.258,1.8281
02 Jan 2018,0.7364,0.8219,1.3498,1.9106
03 Jan 2018,0.74,0.7694,1.2874,1.8503
04 Jan 2018,0.7379,0.7897,1.3084,1.8643
05 Jan 2018,0.7373,0.7907,1.3109,1.8634
08 Jan 2018,0.7363,0.7884,1.2968,1.8419
09 Jan 2018,0.7394,0.83,1.349,1.8903
10 Jan 2018,0.7389,0.8385,1.3618,1.9031
11 Jan 2018,0.7388,0.8678,1.3865,1.912
12 Jan 2018,0.7305,0.9021,1.4083,1.9196
15 Jan 2018,0.7245,0.896,1.3918,1.8934
16 Jan 2018,0.726,0.8803,1.3766,1.8912
17 Jan 2018,0.7229,0.8746,1.3705,1.8819
18 Jan 2018,0.7204,0.9118,1.4056,1.9131
19 Jan 2018,0.7223,0.9027,1.4089,1.9216
22 Jan 2018,0.7159,0.914,1.4246,1.9354
23 Jan 2018,0.7133,0.9183,1.4254,1.93
24 Jan 2018,0.7031,0.9683,1.4791,1.9692
25 Jan 2018,0.6992,0.9739,1.4788,1.9573
26 Jan 2018,0.7052,1.0084,1.5031,1.9662
29 Jan 2018,0.7111,1.0285,1.5222,1.9635
30 Jan 2018,0.7086,1.0187,1.5242,1.9732
31 Jan 2018,0.7032,1.0427,1.5477,1.9947
01 Feb 2018,0.7024,1.0713,1.5795,2.0085
02 Feb 2018,0.708,1.1035,1.6246,2.0329
05 Feb 2018,0.7135,1.0915,1.6192,2.0363
06 Feb 2018,0.719,1.0312,1.5723,2.0168
07 Feb 2018,0.7203,1.0551,1.5972,2.0355
08 Feb 2018,0.7141,1.1584,1.6782,2.0714
09 Feb 2018,0.7243,1.1332,1.6487,2.0381
12 Feb 2018,0.7242,1.1384,1.6513,2.0412
13 Feb 2018,0.7204,1.1606,1.6726,2.0602
14 Feb 2018,0.7163,1.1667,1.6852,2.0824
15 Feb 2018,0.7114,1.1778,1.7105,2.1169
16 Feb 2018,0.7123,1.1166,1.6442,2.0447
19 Feb 2018,0.7146,1.1288,1.6607,2.055
20 Feb 2018,0.714,1.1086,1.6306,2.0194
21 Feb 2018,0.7154,1.1007,1.6131,2.0045
22 Feb 2018,0.7175,1.0971,1.6075,2.0056
23 Feb 2018,0.7158,1.0865,1.589,1.9946
26 Feb 2018,0.7173,1.0796,1.5746,1.9817
27 Feb 2018,0.7204,1.1181,1.6196,2.0211
28 Feb 2018,0.7257,1.0755,1.5738,1.9789
01 Mar 2018,0.7286,1.0415,1.535,1.9489
02 Mar 2018,0.7263,1.0356,1.5275,1.9425
05 Mar 2018,0.7221,1.0629,1.56,1.9735
06 Mar 2018,0.7203,1.089,1.5895,1.9978
07 Mar 2018,0.7196,1.0759,1.5672,1.9751
08 Mar 2018,0.7231,1.0685,1.5469,1.9609
09 Mar 2018,0.7211,1.0875,1.5714,1.9951
12 Mar 2018,0.7195,1.089,1.5721,1.9979
13 Mar 2018,0.7149,1.0813,1.5538,1.9534
14 Mar 2018,0.7171,1.0356,1.4956,1.8865
15 Mar 2018,0.717,1.0473,1.5021,1.8768
16 Mar 2018,0.7185,1.056,1.5029,1.8684
19 Mar 2018,0.7128,1.0706,1.5081,1.8439
20 Mar 2018,0.7137,1.1242,1.5521,1.8559
21 Mar 2018,0.7111,1.1828,1.5971,1.8763
22 Mar 2018,0.7093,1.0973,1.4822,1.7804
23 Mar 2018,0.7067,1.1227,1.5131,1.8151
26 Mar 2018,0.7031,1.1259,1.5139,1.8066
27 Mar 2018,0.707,1.1025,1.484,1.7945
28 Mar 2018,0.7093,1.0408,1.4361,1.7692
29 Mar 2018,0.7126,1.0304,1.424,1.7608
03 Apr 2018,0.7124,1.0401,1.4325,1.7844
04 Apr 2018,0.71,1.0482,1.4439,1.8117
05 Apr 2018,0.7143,1.087,1.4911,1.8498
06 Apr 2018,0.7101,1.0757,1.4728,1.8302
09 Apr 2018,0.7078,1.0878,1.4832,1.8357
10 Apr 2018,0.7056,1.099,1.496,1.8631
11 Apr 2018,0.7039,1.0832,1.4621,1.8081
12 Apr 2018,0.7026,1.1273,1.5199,1.8573
13 Apr 2018,0.7019,1.1236,1.5114,1.8557
16 Apr 2018,0.6979,1.1457,1.5408,1.8855
17 Apr 2018,0.6988,1.1236,1.5242,1.8786
18 Apr 2018,0.7025,1.0844,1.5015,1.877
19 Apr 2018,0.7032,1.1547,1.5916,1.9535
20 Apr 2018,0.713,1.1131,1.5762,1.9511
23 Apr 2018,0.7168,1.1263,1.6058,1.9867
24 Apr 2018,0.7161,1.1548,1.6237,1.996
25 Apr 2018,0.7176,1.1693,1.622,1.9767
26 Apr 2018,0.7176,1.1525,1.5865,1.9378
27 Apr 2018,0.7249,1.0798,1.5349,1.9089
30 Apr 2018,0.7259,1.0485,1.5084,1.8788
01 May 2018,0.7355,1.0393,1.492,1.87
02 May 2018,0.7353,1.0899,1.5436,1.9222
03 May 2018,0.7382,1.0264,1.4826,1.8714
04 May 2018,0.7398,1.0416,1.4874,1.8786
08 May 2018,0.7398,1.0816,1.5312,1.9201
09 May 2018,0.7365,1.1091,1.5577,1.9411
10 May 2018,0.7426,1.058,1.5165,1.9164
11 May 2018,0.7378,1.0783,1.5403,1.9384
14 May 2018,0.7357,1.1069,1.5737,1.9634
15 May 2018,0.741,1.141,1.6068,1.9781
16 May 2018,0.7417,1.1242,1.596,1.9659
17 May 2018,0.7405,1.178,1.6526,2.0024
18 May 2018,0.7421,1.1233,1.5961,1.9674
21 May 2018,0.7457,1.1114,1.5859,1.9671
22 May 2018,0.7451,1.1423,1.618,1.9914
23 May 2018,0.7496,1.0635,1.5316,1.9262
24 May 2018,0.7477,1.0362,1.4967,1.8983
25 May 2018,0.751,0.9812,1.436,1.842
29 May 2018,0.7536,0.8933,1.3393,1.7746
30 May 2018,0.7533,0.8812,1.3355,1.7588
31 May 2018,0.7514,0.8774,1.3335,1.7559
01 Jun 2018,0.7501,0.9222,1.39,1.8134
04 Jun 2018,0.7501,0.9489,1.4092,1.8219
05 Jun 2018,0.7496,0.9507,1.4001,1.8149
06 Jun 2018,0.7447,1.0327,1.4964,1.9097
07 Jun 2018,0.7452,1.0529,1.5223,1.9333
08 Jun 2018,0.7465,1.0458,1.5074,1.9201
11 Jun 2018,0.7466,1.0506,1.5215,1.9277
12 Jun 2018,0.749,1.0423,1.5038,1.904
13 Jun 2018,0.7481,1.0169,1.4696,1.8639
14 Jun 2018,0.75,0.9971,1.4362,1.8199
15 Jun 2018,0.7527,0.9859,1.4268,1.8296
18 Jun 2018,0.7552,0.9915,1.4359,1.845
19 Jun 2018,0.7591,0.9593,1.3958,1.8185
20 Jun 2018,0.759,0.9678,1.4075,1.8329
21 Jun 2018,0.7543,0.9694,1.391,1.8074
22 Jun 2018,0.7535,1.0064,1.4256,1.8343
25 Jun 2018,0.7536,0.9876,1.4137,1.839
26 Jun 2018,0.7557,0.9823,1.4129,1.8242
27 Jun 2018,0.7606,0.9447,1.3648,1.7831
28 Jun 2018,0.7635,0.9435,1.3712,1.7824
29 Jun 2018,0.7574,0.9686,1.391,1.7941
02 Jul 2018,0.762,0.946,1.3701,1.7805
03 Jul 2018,0.759,0.9301,1.3575,1.7622
04 Jul 2018,0.7571,0.9651,1.3905,1.7913
05 Jul 2018,0.7563,0.956,1.3683,1.7664
06 Jul 2018,0.7532,0.9723,1.3736,1.7625
09 Jul 2018,0.7541,0.9794,1.3878,1.7662
10 Jul 2018,0.7539,1.0059,1.4114,1.7881
11 Jul 2018,0.7548,1.0035,1.4117,1.7893
12 Jul 2018,0.7563,0.98,1.3904,1.773
13 Jul 2018,0.7575,0.9808,1.3867,1.7801
16 Jul 2018,0.7558,1.0005,1.4079,1.7984
17 Jul 2018,0.7598,0.9773,1.3739,1.7694
18 Jul 2018,0.7663,0.9427,1.3405,1.7459
19 Jul 2018,0.769,0.914,1.298,1.705
20 Jul 2018,0.7632,0.9475,1.345,1.7337
23 Jul 2018,0.7626,0.9757,1.3777,1.7554
24 Jul 2018,0.7601,0.9747,1.3762,1.7552
25 Jul 2018,0.7605,0.9789,1.3775,1.7509
26 Jul 2018,0.7605,0.9896,1.3917,1.7781
27 Jul 2018,0.7617,0.9914,1.3951,1.7875
30 Jul 2018,0.7607,1.0426,1.4642,1.8532
31 Jul 2018,0.7624,1.0236,1.4422,1.8254
01 Aug 2018,0.7621,1.0755,1.4984,1.8693
02 Aug 2018,0.7673,1.0706,1.4897,1.863
03 Aug 2018,0.7681,1.0196,1.4376,1.8223
06 Aug 2018,0.7728,0.995,1.4124,1.7956
07 Aug 2018,0.772,1.0185,1.4445,1.8165
08 Aug 2018,0.7763,1.013,1.4328,1.8137
09 Aug 2018,0.7771,1.0047,1.4178,1.8089
10 Aug 2018,0.7827,0.9567,1.365,1.7669
13 Aug 2018,0.7827,0.9756,1.3832,1.7831
14 Aug 2018,0.7841,0.9771,1.3834,1.7832
15 Aug 2018,0.7893,0.9395,1.3394,1.7481
16 Aug 2018,0.7859,0.9481,1.3508,1.7562
17 Aug 2018,0.7849,0.9516,1.3497,1.7614
20 Aug 2018,0.7838,0.943,1.3357,1.749
21 Aug 2018,0.7771,0.98,1.3867,1.7949
22 Aug 2018,0.7746,0.9853,1.3935,1.7997
23 Aug 2018,0.7791,0.9866,1.3959,1.8025
24 Aug 2018,0.7777,0.9857,1.3958,1.8099
28 Aug 2018,0.7762,1.0112,1.4269,1.8341
29 Aug 2018,0.7693,1.0593,1.471,1.8664
30 Aug 2018,0.769,1.0362,1.4349,1.8403
31 Aug 2018,0.7696,1.0148,1.4116,1.826
03 Sep 2018,0.7761,0.9959,1.3869,1.8068
04 Sep 2018,0.7793,1.0044,1.4063,1.8326
05 Sep 2018,0.7717,1.0386,1.4509,1.8791
06 Sep 2018,0.7724,0.9954,1.3998,1.8297
07 Sep 2018,0.7721,1.0248,1.4388,1.8631
10 Sep 2018,0.7681,1.0355,1.4531,1.8798
11 Sep 2018,0.7693,1.0704,1.4834,1.9025
12 Sep 2018,0.768,1.0643,1.4681,1.897
13 Sep 2018,0.7638,1.0817,1.4863,1.913
14 Sep 2018,0.7649,1.1045,1.5074,1.9235
17 Sep 2018,0.7604,1.1142,1.5161,1.9292
18 Sep 2018,0.7602,1.1283,1.5467,1.9605
19 Sep 2018,0.7603,1.1731,1.5955,2.0076
20 Sep 2018,0.7544,1.1636,1.5769,1.9811
21 Sep 2018,0.7634,1.1286,1.5409,1.9497
24 Sep 2018,0.7611,1.1679,1.5954,2.0059
25 Sep 2018,0.7597,1.1858,1.6189,2.0343
26 Sep 2018,0.7584,1.1579,1.5859,1.9979
27 Sep 2018,0.7624,1.1643,1.5843,1.9847
28 Sep 2018,0.7668,1.1516,1.568,1.9675
01 Oct 2018,0.7667,1.1501,1.5707,1.9722
02 Oct 2018,0.7705,1.1124,1.5307,1.9532
03 Oct 2018,0.7689,1.1339,1.5551,1.9716
04 Oct 2018,0.7677,1.2228,1.653,2.0411
05 Oct 2018,0.7651,1.2666,1.7021,2.0886
08 Oct 2018,0.7651,1.2421,1.6748,2.0627
09 Oct 2018,0.764,1.2407,1.6778,2.0932
10 Oct 2018,0.7576,1.269,1.716,2.1336
11 Oct 2018,0.757,1.229,1.674,2.1226
12 Oct 2018,0.76,1.1852,1.6327,2.0915
15 Oct 2018,0.7608,1.1522,1.6029,2.0699
16 Oct 2018,0.757,1.1607,1.6108,2.0568
17 Oct 2018,0.7613,1.1219,1.5619,2.0017
18 Oct 2018,0.7651,1.1109,1.5544,2.0034
19 Oct 2018,0.7665,1.1189,1.5564,1.9982
22 Oct 2018,0.7708,1.077,1.5142,1.9668
23 Oct 2018,0.7707,1.0529,1.4749,1.9283
24 Oct 2018,0.7746,1.021,1.4433,1.9117
25 Oct 2018,0.7803,1.0082,1.4286,1.9063
26 Oct 2018,0.78,0.9444,1.3595,1.8599
29 Oct 2018,0.7809,0.9618,1.3875,1.8788
30 Oct 2018,0.7855,0.9749,1.3932,1.864
31 Oct 2018,0.7825,1.0135,1.4322,1.9052
01 Nov 2018,0.7708,1.033,1.4488,1.9099
02 Nov 2018,0.7713,1.0719,1.4887,1.9412
05 Nov 2018,0.7682,1.0768,1.4947,1.9491
06 Nov 2018,0.7645,1.1002,1.5312,1.9845
07 Nov 2018,0.7613,1.1035,1.5303,1.9932
08 Nov 2018,0.7617,1.1369,1.5635,2.0321
09 Nov 2018,0.7675,1.0757,1.5002,1.9868
12 Nov 2018,0.7772,1.0126,1.4433,1.9538
13 Nov 2018,0.7694,1.0728,1.5125,2.0194
14 Nov 2018,0.769,1.061,1.5092,2.0365
15 Nov 2018,0.7824,0.922,1.3785,1.9836
16 Nov 2018,0.7788,0.9591,1.4229,2.0083
19 Nov 2018,0.7774,0.9194,1.3859,1.9893
20 Nov 2018,0.7798,0.9306,1.3967,2.011
21 Nov 2018,0.7822,0.9471,1.3963,1.9955
22 Nov 2018,0.7771,0.9818,1.4234,1.9987
23 Nov 2018,0.7811,0.9495,1.3835,1.9718
26 Nov 2018,0.7797,0.981,1.417,2.0068
27 Nov 2018,0.785,0.9646,1.3963,2.026
28 Nov 2018,0.7841,0.9479,1.3924,2.0619
29 Nov 2018,0.7826,0.9219,1.3567,2.0363
30 Nov 2018,0.7837,0.9318,1.3685,2.0894
03 Dec 2018,0.7851,0.8996,1.3306,2.0349
04 Dec 2018,0.7857,0.884,1.2959,1.9371
05 Dec 2018,0.7851,0.9139,1.3223,1.9428
06 Dec 2018,0.7826,0.852,1.2351,1.8463
07 Dec 2018,0.7838,0.8805,1.2714,1.8409
10 Dec 2018,0.7977,0.7947,1.1653,1.6776
11 Dec 2018,0.7983,0.821,1.1971,1.7497
12 Dec 2018,0.7898,0.8818,1.2797,1.8535
13 Dec 2018,0.7926,0.8951,1.2837,1.8501
14 Dec 2018,0.7961,0.8596,1.2472,1.8125
17 Dec 2018,0.793,0.894,1.278,1.8261
18 Dec 2018,0.7916,0.9193,1.3028,1.8326
19 Dec 2018,0.791,0.8953,1.2958,1.852
20 Dec 2018,0.7914,0.8812,1.285,1.8332
21 Dec 2018,0.7889,0.9286,1.3348,1.8757
24 Dec 2018,0.7906,0.8792,1.2783,1.8208
27 Dec 2018,0.7913,0.9233,1.3273,1.8688
28 Dec 2018,0.7881,0.8958,1.2898,1.8447
31 Dec 2018,0.7831,0.9069,1.3052,1.8683
02 Jan 2019,0.7931,0.8504,1.2413,1.8249
03 Jan 2019,0.7936,0.8288,1.207,1.7757
04 Jan 2019,0.7859,0.9031,1.292,1.832
07 Jan 2019,0.783,0.8873,1.2645,1.7943
08 Jan 2019,0.7855,0.903,1.2869,1.8251
09 Jan 2019,0.7847,0.8852,1.2649,1.7898
10 Jan 2019,0.7825,0.9151,1.2952,1.8196
11 Jan 2019,0.7802,0.9455,1.317,1.8596
14 Jan 2019,0.7745,0.9491,1.3171,1.8413
15 Jan 2019,0.7806,0.9232,1.2829,1.8045
16 Jan 2019,0.7775,0.9702,1.3352,1.8348
17 Jan 2019,0.7747,0.9829,1.3608,1.8686
18 Jan 2019,0.7748,0.9888,1.378,1.8857
21 Jan 2019,0.7755,0.9628,1.3489,1.8563
22 Jan 2019,0.7718,0.9598,1.3491,1.8594
23 Jan 2019,0.7653,0.9683,1.349,1.8357
24 Jan 2019,0.7668,0.9186,1.2905,1.7879
25 Jan 2019,0.7595,0.9555,1.3319,1.8157
28 Jan 2019,0.7601,0.9235,1.2975,1.7747
29 Jan 2019,0.7605,0.9227,1.294,1.7778
30 Jan 2019,0.765,0.9208,1.2874,1.7641
31 Jan 2019,0.7603,0.8885,1.2543,1.7525
01 Feb 2019,0.7638,0.9012,1.2744,1.7709
04 Feb 2019,0.7642,0.9277,1.3059,1.8091
05 Feb 2019,0.7728,0.8854,1.2559,1.7569
06 Feb 2019,0.7714,0.871,1.2447,1.7507
07 Feb 2019,0.7707,0.8311,1.2027,1.7263
08 Feb 2019,0.7727,0.8067,1.1729,1.698
11 Feb 2019,0.7772,0.8298,1.197,1.707
12 Feb 2019,0.7762,0.8447,1.2118,1.7203
13 Feb 2019,0.7765,0.8475,1.2137,1.72
14 Feb 2019,0.7824,0.8122,1.173,1.6902
15 Feb 2019,0.7784,0.8289,1.1992,1.7113
18 Feb 2019,0.7735,0.832,1.2008,1.7121
19 Feb 2019,0.7674,0.8418,1.2094,1.7312
20 Feb 2019,0.7656,0.8487,1.2153,1.7326
21 Feb 2019,0.7651,0.8753,1.2423,1.7453
22 Feb 2019,0.7658,0.8383,1.1906,1.7122
25 Feb 2019,0.7653,0.8552,1.2075,1.7413
26 Feb 2019,0.7553,0.8909,1.2372,1.7799
27 Feb 2019,0.7499,0.9688,1.3151,1.8483
28 Feb 2019,0.7519,0.9697,1.333,1.855
01 Mar 2019,0.7551,0.958,1.3303,1.8362
04 Mar 2019,0.7591,0.9402,1.3102,1.8118
05 Mar 2019,0.7625,0.9576,1.3177,1.8075
06 Mar 2019,0.7605,0.9002,1.2559,1.7431
07 Mar 2019,0.7625,0.8402,1.1859,1.6859
08 Mar 2019,0.7689,0.868,1.219,1.7345
11 Mar 2019,0.7637,0.849,1.199,1.7138
12 Mar 2019,0.7635,0.8536,1.2046,1.7275
13 Mar 2019,0.756,0.8822,1.237,1.771
14 Mar 2019,0.7529,0.9065,1.2603,1.7709
15 Mar 2019,0.7531,0.8916,1.2426,1.7513
18 Mar 2019,0.7564,0.873,1.2187,1.7283
19 Mar 2019,0.7539,0.8815,1.2225,1.7143
20 Mar 2019,0.758,0.8453,1.1726,1.6544
21 Mar 2019,0.7649,0.7683,1.0822,1.5745
22 Mar 2019,0.7564,0.7303,1.0342,1.5164
25 Mar 2019,0.7577,0.7156,1.0163,1.5095
26 Mar 2019,0.7567,0.7394,1.0397,1.5622
27 Mar 2019,0.758,0.7353,1.0338,1.5602
28 Mar 2019,0.7641,0.7322,1.0382,1.5793
29 Mar 2019,0.7675,0.7121,1.0361,1.5953
01 Apr 2019,0.761,0.7434,1.0774,1.6236
02 Apr 2019,0.7674,0.7024,1.0364,1.584
03 Apr 2019,0.7601,0.7729,1.1088,1.6401
04 Apr 2019,0.7644,0.7846,1.1195,1.667
05 Apr 2019,0.7685,0.7846,1.1195,1.667
08 Apr 2019,0.7664,0.7846,1.1195,1.667
09 Apr 2019,0.7666,0.7846,1.1195,1.667
10 Apr 2019,0.7639,0.9002,1.2559,1.7431
11 Apr 2019,0.7641,0.8406,1.1803,1.6911
12 Apr 2019,0.7632,0.8993,1.249,1.7558
15 Apr 2019,0.7624,0.9022,1.2518,1.7458
16 Apr 2019,0.766,0.9048,1.251,1.7496
17 Apr 2019,0.7665,0.9155,1.2724,1.7715
18 Apr 2019,0.7687,0.7024,1.0364,1.584
23 Apr 2019,0.773,0.9049,1.2602,1.7685
24 Apr 2019,0.7717,0.8546,1.2074,1.7323
25 Apr 2019,0.7748,0.8393,1.1916,1.7137
26 Apr 2019,0.7732,0.8279,1.1809,1.7081
29 Apr 2019,0.7739,0.8376,1.1875,1.7074
30 Apr 2019,0.7671,0.8703,1.2169,1.7244
01 May 2019,0.7644,0.8487,1.1881,1.6988
02 May 2019,0.7673,0.8815,1.2213,1.7309
03 May 2019,0.7624,0.9139,1.253,1.7588
07 May 2019,0.7665,0.8676,1.1983,1.7079
08 May 2019,0.769,0.8422,1.1689,1.6836
09 May 2019,0.768,0.8288,1.1567,1.6741
10 May 2019,0.7673,0.8275,1.1654,1.6933
13 May 2019,0.7702,0.8052,1.1401,1.6732
14 May 2019,0.7741,0.8012,1.1337,1.6622
15 May 2019,0.7771,0.7879,1.108,1.6373
16 May 2019,0.7817,0.7892,1.1081,1.6401
17 May 2019,0.7854,0.7673,1.0814,1.6186
20 May 2019,0.7853,0.7911,1.1018,1.6383
21 May 2019,0.7821,0.8177,1.1285,1.6584
22 May 2019,0.7901,0.76,1.0682,1.6122
23 May 2019,0.7895,0.695,1.0021,1.5524
24 May 2019,0.788,0.7024,1.0364,1.584
28 May 2019,0.789,0.6536,0.9682,1.533
29 May 2019,0.7917,0.6341,0.947,1.5182
30 May 2019,0.7943,0.6318,0.9392,1.5052
31 May 2019,0.7935,0.6227,0.9332,1.4901
03 Jun 2019,0.7917,0.5955,0.9066,1.4593
04 Jun 2019,0.7888,0.6268,0.9372,1.4962
05 Jun 2019,0.7854,0.6006,0.9063,1.4616
06 Jun 2019,0.7867,0.5719,0.8717,1.4211
07 Jun 2019,0.7839,0.5505,0.8505,1.3981
10 Jun 2019,0.788,0.5751,0.8738,1.4206
11 Jun 2019,0.7862,0.5945,0.8853,1.4307
12 Jun 2019,0.7859,0.6244,0.9106,1.4707
13 Jun 2019,0.7884,0.595,0.8772,1.4343
14 Jun 2019,0.7933,0.7024,1.0364,1.584
17 Jun 2019,0.7964,0.7024,1.0364,1.584
18 Jun 2019,0.7975,0.7024,1.0364,1.584
19 Jun 2019,0.7918,0.6209,0.9034,1.4582
20 Jun 2019,0.7873,0.7024,1.0364,1.584
21 Jun 2019,0.7876,0.6133,0.8925,1.4535
24 Jun 2019,0.786,0.5769,0.8555,1.4254
25 Jun 2019,0.7862,0.5633,0.8398,1.4207
26 Jun 2019,0.7889,0.5883,0.8665,1.4494
27 Jun 2019,0.7889,0.5978,0.8771,1.4694
28 Jun 2019,0.7857,0.614,0.8914,1.4875
01 Jul 2019,0.7904,0.5825,0.8507,1.4405
02 Jul 2019,0.7937,0.5079,0.779,1.3686
03 Jul 2019,0.7959,0.4675,0.7372,1.3224
04 Jul 2019,0.7951,0.4618,0.7244,1.323
05 Jul 2019,0.7996,0.5309,0.7939,1.3774
08 Jul 2019,0.799,0.4933,0.7522,1.3436
09 Jul 2019,0.8022,0.5054,0.7662,1.356
10 Jul 2019,0.8003,0.5382,0.8006,1.3823
11 Jul 2019,0.7966,0.6117,0.8841,1.452
12 Jul 2019,0.7962,0.6042,0.8785,1.441
15 Jul 2019,0.7989,0.5636,0.8395,1.4058
16 Jul 2019,0.8052,0.5757,0.864,1.4363
17 Jul 2019,0.8046,0.5238,0.8086,1.3941
18 Jul 2019,0.8011,0.5187,0.8076,1.3926
19 Jul 2019,0.7999,0.4961,0.7833,1.3685
22 Jul 2019,0.8001,0.4745,0.7582,1.3359
23 Jul 2019,0.804,0.4543,0.7367,1.3176
24 Jul 2019,0.8001,0.4457,0.7292,1.3219
25 Jul 2019,0.8003,0.4757,0.7649,1.3685
26 Jul 2019,0.8073,0.4577,0.744,1.3564
29 Jul 2019,0.8175,0.4238,0.7117,1.345
30 Jul 2019,0.8229,0.4044,0.701,1.3612
31 Jul 2019,0.8166,0.3804,0.6791,1.3165
01 Aug 2019,0.8229,0.3479,0.6422,1.2667
02 Aug 2019,0.8246,0.3377,0.6158,1.2389
05 Aug 2019,0.8236,0.3006,0.5588,1.1696
06 Aug 2019,0.8219,0.3161,0.5681,1.1765
07 Aug 2019,0.8228,0.3085,0.5241,1.1051
08 Aug 2019,0.8241,0.352,0.5771,1.175
09 Aug 2019,0.8278,0.32,0.54,1.1494
12 Aug 2019,0.8277,0.3128,0.538,1.1533
13 Aug 2019,0.8284,0.3252,0.5332,1.1201
14 Aug 2019,0.8286,0.3115,0.4826,1.0389
15 Aug 2019,0.8255,0.3046,0.4377,0.9313
16 Aug 2019,0.8234,0.3706,0.4992,0.9978
19 Aug 2019,0.8241,0.3726,0.5215,1.0559
20 Aug 2019,0.8243,0.3509,0.4908,1.0081
21 Aug 2019,0.8243,0.3494,0.4913,0.9996
22 Aug 2019,0.8161,0.3919,0.5556,1.0799
23 Aug 2019,0.8146,0.3614,0.5433,1.0961
27 Aug 2019,0.8145,0.2977,0.4703,1.0398
28 Aug 2019,0.8183,0.2545,0.4073,0.9827
29 Aug 2019,0.8193,0.2611,0.401,0.9717
30 Aug 2019,0.8208,0.2995,0.4426,1.0066
02 Sep 2019,0.829,0.2507,0.3923,0.9356
03 Sep 2019,0.827,0.2299,0.3604,0.8891
04 Sep 2019,0.8202,0.3142,0.4698,0.9915
05 Sep 2019,0.8114,0.3969,0.5722,1.1276
06 Sep 2019,0.8121,0.3032,0.4684,1.0005
09 Sep 2019,0.8101,0.3819,0.5685,1.1032
10 Sep 2019,0.8095,0.4071,0.5968,1.1152
11 Sep 2019,0.8102,0.4257,0.6037,1.1129
12 Sep 2019,0.8109,0.4396,0.6012,1.0899
13 Sep 2019,0.8026,0.5302,0.7237,1.2159
16 Sep 2019,0.8052,0.4605,0.6497,1.1251
17 Sep 2019,0.8012,0.4654,0.6504,1.1205
18 Sep 2019,0.801,0.4321,0.6067,1.0645
19 Sep 2019,0.8008,0.4228,0.5947,1.052
20 Sep 2019,0.7999,0.4309,0.5911,1.056
23 Sep 2019,0.8045,0.3518,0.4975,0.9603
24 Sep 2019,0.8013,0.3416,0.4931,0.956
25 Sep 2019,0.8078,0.3322,0.4891,0.9562
26 Sep 2019,0.8108,0.3244,0.4897,0.9596
27 Sep 2019,0.8124,0.2763,0.4735,0.9754
30 Sep 2019,0.8117,0.2517,0.4567,0.9823
01 Oct 2019,0.8181,0.2202,0.4357,0.9588
02 Oct 2019,0.8127,0.2555,0.4622,0.9881
03 Oct 2019,0.806,0.2454,0.4508,0.9933
04 Oct 2019,0.8134,0.212,0.405,0.9435
07 Oct 2019,0.8116,0.2178,0.4187,0.9599
08 Oct 2019,0.8187,0.1813,0.3807,0.9285
09 Oct 2019,0.8185,0.2309,0.4287,0.9689
10 Oct 2019,0.8142,0.3142,0.5199,1.0528
11 Oct 2019,0.7885,0.4806,0.6794,1.1824
14 Oct 2019,0.7945,0.4197,0.6111,1.1225
15 Oct 2019,0.7827,0.4713,0.6748,1.1756
16 Oct 2019,0.781,0.4526,0.6625,1.1707
17 Oct 2019,0.7787,0.4523,0.6685,1.1874
18 Oct 2019,0.7753,0.4729,0.6843,1.1994
21 Oct 2019,0.7702,0.5016,0.7241,1.2571
22 Oct 2019,0.7747,0.4568,0.6767,1.2275
23 Oct 2019,0.7763,0.4435,0.6517,1.1847
24 Oct 2019,0.7783,0.4001,0.6002,1.1194
25 Oct 2019,0.7793,0.4292,0.6373,1.1562
28 Oct 2019,0.7777,0.4746,0.6938,1.2305
29 Oct 2019,0.775,0.4708,0.6885,1.25
30 Oct 2019,0.7769,0.4404,0.6548,1.2083
31 Oct 2019,0.7729,0.3974,0.5984,1.1358
01 Nov 2019,0.7724,0.4343,0.6417,1.1746
04 Nov 2019,0.7748,0.4654,0.6881,1.2192
05 Nov 2019,0.7772,0.5064,0.7357,1.2732
06 Nov 2019,0.7768,0.4856,0.7104,1.2504
07 Nov 2019,0.7799,0.4824,0.748,1.2943
08 Nov 2019,0.7817,0.5129,0.7736,1.314
11 Nov 2019,0.7769,0.5294,0.7844,1.32
12 Nov 2019,0.7789,0.5439,0.7934,1.3279
13 Nov 2019,0.7789,0.5024,0.7377,1.2728
14 Nov 2019,0.7778,0.4677,0.6987,1.2456
15 Nov 2019,0.7754,0.4768,0.7086,1.2608
18 Nov 2019,0.7712,0.5022,0.726,1.2751
19 Nov 2019,0.7733,0.4964,0.7208,1.2791
20 Nov 2019,0.7745,0.4966,0.7154,1.2778
21 Nov 2019,0.7737,0.5197,0.743,1.316
22 Nov 2019,0.7792,0.469,0.6945,1.2778
25 Nov 2019,0.7748,0.4599,0.6839,1.2684
26 Nov 2019,0.7789,0.4186,0.6293,1.2117
27 Nov 2019,0.7767,0.4537,0.6658,1.238
28 Nov 2019,0.775,0.456,0.6616,1.2217
29 Nov 2019,0.773,0.4852,0.6848,1.212
02 Dec 2019,0.7739,0.5221,0.7326,1.2589
03 Dec 2019,0.7696,0.4672,0.674,1.2091
04 Dec 2019,0.763,0.5237,0.7274,1.2714
05 Dec 2019,0.7602,0.5541,0.769,1.3045
06 Dec 2019,0.7631,0.5473,0.7598,1.2879
09 Dec 2019,0.7602,0.5473,0.7601,1.2805
10 Dec 2019,0.7592,0.5732,0.7858,1.2982
11 Dec 2019,0.7589,0.5619,0.7729,1.2914
12 Dec 2019,0.7623,0.5969,0.8229,1.3534
13 Dec 2019,0.7495,0.5789,0.8016,1.3095
16 Dec 2019,0.75,0.6149,0.8251,1.3294
17 Dec 2019,0.7611,0.5502,0.7676,1.2978
18 Dec 2019,0.7649,0.5552,0.7857,1.2998
19 Dec 2019,0.7675,0.5812,0.8153,1.3215
20 Dec 2019,0.7663,0.5557,0.7848,1.2998
23 Dec 2019,0.7736,0.5598,0.7807,1.3004
24 Dec 2019,0.7723,0.5466,0.7695,1.2914
27 Dec 2019,0.7637,0.5425,0.7592,1.2748
30 Dec 2019,0.7625,0.6264,0.8684,1.3814
31 Dec 2019,0.757,0.5789,0.8214,1.3421
02 Jan 2020,0.7582,0.5649,0.7916,1.2925
03 Jan 2020,0.765,0.5288,0.7443,1.2402
06 Jan 2020,0.7599,0.5593,0.7677,1.2557
07 Jan 2020,0.7621,0.5888,0.7913,1.2596
08 Jan 2020,0.7634,0.5907,0.8012,1.282
09 Jan 2020,0.7663,0.6003,0.8299,1.3269
10 Jan 2020,0.7656,0.5491,0.7872,1.2874
13 Jan 2020,0.7705,0.5127,0.7654,1.2804
14 Jan 2020,0.7686,0.4879,0.7311,1.2478
15 Jan 2020,0.7679,0.4181,0.6598,1.1901
16 Jan 2020,0.7653,0.4156,0.6515,1.1738
17 Jan 2020,0.7675,0.4049,0.6473,1.1796
20 Jan 2020,0.7693,0.4174,0.6606,1.2026
21 Jan 2020,0.7658,0.4078,0.6374,1.1585
22 Jan 2020,0.761,0.4208,0.6416,1.1485
23 Jan 2020,0.7623,0.3844,0.5942,1.0871
24 Jan 2020,0.7653,0.3773,0.5749,1.0819
27 Jan 2020,0.7659,0.326,0.5128,1.0202
28 Jan 2020,0.7702,0.3689,0.5528,1.0648
29 Jan 2020,0.7692,0.3605,0.5328,1.0424
30 Jan 2020,0.7634,0.3979,0.5493,1.0565
31 Jan 2020,0.7588,0.3773,0.5295,1.0328
03 Feb 2020,0.7685,0.3799,0.5402,1.0485
04 Feb 2020,0.7678,0.3925,0.5669,1.084
05 Feb 2020,0.7702,0.4198,0.6097,1.1234
06 Feb 2020,0.7735,0.4109,0.6019,1.1114
07 Feb 2020,0.7729,0.3971,0.5798,1.0904
10 Feb 2020,0.7738,0.3857,0.5657,1.0726
11 Feb 2020,0.7725,0.4097,0.5766,1.0674
12 Feb 2020,0.7707,0.4619,0.6246,1.0997
13 Feb 2020,0.766,0.4795,0.6505,1.1271
14 Feb 2020,0.7683,0.4627,0.6311,1.1094
17 Feb 2020,0.7689,0.479,0.6524,1.1343
18 Feb 2020,0.767,0.4548,0.6269,1.115
19 Feb 2020,0.7721,0.4464,0.6161,1.1016
20 Feb 2020,0.7763,0.4329,0.5911,1.0618
21 Feb 2020,0.7715,0.4207,0.5676,0.9961
24 Feb 2020,0.7738,0.3871,0.5357,0.9889
25 Feb 2020,0.7683,0.358,0.5043,0.9595
26 Feb 2020,0.7742,0.3519,0.504,0.9686
27 Feb 2020,0.7768,0.3058,0.4616,0.9578
28 Feb 2020,0.7827,0.2813,0.4331,0.9434
02 Mar 2020,0.7844,0.2508,0.4079,0.926
03 Mar 2020,0.7801,0.2234,0.3922,0.9233
04 Mar 2020,0.78,0.2024,0.3695,0.91
05 Mar 2020,0.7739,0.1615,0.3318,0.854
06 Mar 2020,0.7675,0.0646,0.2038,0.6495
09 Mar 2020,0.7628,0.0675,0.1607,0.5084
10 Mar 2020,0.7733,0.1173,0.2189,0.5527
11 Mar 2020,0.776,0.1546,0.2867,0.6884
12 Mar 2020,0.7974,0.1953,0.2827,0.694
13 Mar 2020,0.8061,0.2777,0.4009,0.873
16 Mar 2020,0.8145,0.3366,0.4788,0.9701
17 Mar 2020,0.8322,0.386,0.5499,1.0488
18 Mar 2020,0.8501,0.5379,0.8101,1.3623
19 Mar 2020,0.8578,0.5074,0.8325,1.3494
20 Mar 2020,0.8517,0.2543,0.5273,0.9345
23 Mar 2020,0.8702,0.1404,0.3931,0.7816
24 Mar 2020,0.8495,0.1848,0.4432,0.8637
25 Mar 2020,0.8503,0.1677,0.4298,0.9116
26 Mar 2020,0.8241,0.1516,0.3654,0.8515
27 Mar 2020,0.8091,0.1471,0.3415,0.7911
30 Mar 2020,0.8054,0.124,0.3111,0.7783
31 Mar 2020,0.8063,0.1627,0.3616,0.8642
01 Apr 2020,0.8049,0.13,0.315,0.794
02 Apr 2020,0.808,0.1351,0.3376,0.8228
03 Apr 2020,0.8158,0.1197,0.3247,0.8177
06 Apr 2020,0.816,0.1285,0.3389,0.8264
07 Apr 2020,0.8127,0.1835,0.3968,0.8518
08 Apr 2020,0.8078,0.1595,0.383,0.7975
09 Apr 2020,0.8019,0.0965,0.3122,0.704
14 Apr 2020,0.794,0.1122,0.3275,0.7347
15 Apr 2020,0.8001,0.0795,0.2926,0.7137
16 Apr 2020,0.8031,0.0982,0.2919,0.7171
17 Apr 2020,0.7997,0.1137,0.2916,0.7221
20 Apr 2020,0.8017,0.1366,0.3284,0.7482
21 Apr 2020,0.8148,0.109,0.2907,0.6786
22 Apr 2020,0.8111,0.1278,0.3157,0.6937
23 Apr 2020,0.8074,0.1145,0.2977,0.6578
24 Apr 2020,0.8105,0.1188,0.2961,0.6633
27 Apr 2020,0.8059,0.1337,0.3197,0.6941
28 Apr 2020,0.8041,0.1165,0.3023,0.6875
29 Apr 2020,0.8041,0.1141,0.3026,0.6704
30 Apr 2020,0.7928,0.0614,0.2439,0.6119
01 May 2020,0.797,0.0887,0.2711,0.6509
04 May 2020,0.8051,0.0625,0.2367,0.6046
05 May 2020,0.803,0.0362,0.2098,0.5849
06 May 2020,0.8089,0.0556,0.2426,0.6019
07 May 2020,0.8139,0.0477,0.2482,0.5929
11 May 2020,0.8092,0.0611,0.2753,0.6264
12 May 2020,0.811,0.045,0.2629,0.6357
13 May 2020,0.8179,0.0291,0.2374,0.6363
14 May 2020,0.8197,0.0289,0.2329,0.6359
15 May 2020,0.8247,0.0437,0.2453,0.6539
18 May 2020,0.8202,0.0549,0.2723,0.6895
19 May 2020,0.8163,0.0385,0.265,0.6779
20 May 2020,0.815,0.0368,0.2547,0.6593
21 May 2020,0.8189,-0.0258,0.186,0.6038
22 May 2020,0.8203,-0.0379,0.181,0.6136
26 May 2020,0.8089,-0.0035,0.2212,0.6723
27 May 2020,0.8185,-0.0272,0.1892,0.6341
28 May 2020,0.8115,-0.0185,0.2045,0.64
29 May 2020,0.8085,-0.0355,0.1845,0.6049
01 Jun 2020,0.8012,0.0122,0.2346,0.6449
02 Jun 2020,0.7964,-0.0021,0.2294,0.6636
03 Jun 2020,0.7938,0.0437,0.2946,0.7458
04 Jun 2020,0.7932,0.0544,0.3202,0.7642
05 Jun 2020,0.7859,0.073,0.3668,0.8188
08 Jun 2020,0.7875,0.0662,0.3471,0.8056
09 Jun 2020,0.786,0.0582,0.332,0.7424
10 Jun 2020,0.784,0.0078,0.2741,0.6824
11 Jun 2020,0.7908,-0.0307,0.2003,0.6151
12 Jun 2020,0.7975,-0.0136,0.2169,0.639
15 Jun 2020,0.7962,-0.0095,0.2179,0.6349
16 Jun 2020,0.7947,-0.0259,0.2091,0.6358
17 Jun 2020,0.7971,-0.0332,0.1975,0.6038
18 Jun 2020,0.8052,-0.0077,0.2429,0.7076
19 Jun 2020,0.809,-0.0052,0.2555,0.7361
22 Jun 2020,0.8033,-0.0376,0.2143,0.7073
23 Jun 2020,0.7987,-0.0186,0.2366,0.7103
24 Jun 2020,0.8032,-0.0331,0.215,0.666
25 Jun 2020,0.8061,-0.047,0.1827,0.6208
26 Jun 2020,0.8117,-0.046,0.1934,0.6511
29 Jun 2020,0.8151,-0.0651,0.1779,0.6361
30 Jun 2020,0.8091,-0.0626,0.1917,0.6586
01 Jul 2020,0.8027,-0.028,0.237,0.7025
02 Jul 2020,0.8022,-0.0568,0.2083,0.6717
03 Jul 2020,0.8021,-0.0518,0.2073,0.6702
06 Jul 2020,0.7994,-0.0362,0.221,0.6687
07 Jul 2020,0.7952,-0.0441,0.2041,0.6547
08 Jul 2020,0.7939,-0.0507,0.2002,0.6595
09 Jul 2020,0.7927,-0.068,0.1776,0.6515
10 Jul 2020,0.7898,-0.0831,0.1705,0.6386
13 Jul 2020,0.7925,-0.0546,0.2114,0.6772
14 Jul 2020,0.7981,-0.0746,0.1707,0.6474
15 Jul 2020,0.7922,-0.0541,0.1943,0.6922
16 Jul 2020,0.7938,-0.0884,0.1588,0.6678
17 Jul 2020,0.7977,-0.0708,0.1849,0.6826
20 Jul 2020,0.7907,-0.0856,0.1734,0.6751
21 Jul 2020,0.7844,-0.1006,0.1651,0.6685
22 Jul 2020,0.7854,-0.1189,0.1455,0.6385
23 Jul 2020,0.7846,-0.1158,0.1495,0.6492
24 Jul 2020,0.7819,-0.0966,0.1767,0.6721
27 Jul 2020,0.7755,-0.1268,0.1417,0.6409
28 Jul 2020,0.7724,-0.1248,0.1382,0.6319
29 Jul 2020,0.7712,-0.1123,0.1502,0.6466
30 Jul 2020,0.7665,-0.1337,0.1171,0.6155
31 Jul 2020,0.7618,-0.1277,0.1252,0.6249
03 Aug 2020,0.7673,-0.1239,0.1317,0.6342
04 Aug 2020,0.7646,-0.1324,0.1114,0.6091
05 Aug 2020,0.7609,-0.0961,0.165,0.6696
06 Aug 2020,0.7609,-0.0894,0.1389,0.6252
07 Aug 2020,0.7662,-0.0619,0.1804,0.6773
10 Aug 2020,0.764,-0.0733,0.1702,0.674
11 Aug 2020,0.7641,-0.0192,0.2421,0.7306
12 Aug 2020,0.7658,-0.0016,0.2761,0.7746
13 Aug 2020,0.7636,-0.0045,0.2852,0.7894
14 Aug 2020,0.7628,-0.0136,0.2862,0.807
17 Aug 2020,0.7634,-0.0438,0.2591,0.7821
18 Aug 2020,0.7563,-0.0412,0.2583,0.7823
19 Aug 2020,0.7586,-0.0276,0.2721,0.8095
20 Aug 2020,0.7608,-0.0306,0.2679,0.8104
21 Aug 2020,0.7649,-0.0425,0.2542,0.7899
24 Aug 2020,0.7651,-0.0456,0.2497,0.7845
25 Aug 2020,0.7623,0.0038,0.3124,0.8524
26 Aug 2020,0.758,0.0214,0.3499,0.895
27 Aug 2020,0.7582,0.0343,0.3839,0.9417
28 Aug 2020,0.7502,-0.0031,0.3533,0.8949
01 Sep 2020,0.7435,-0.0174,0.3495,0.895
02 Sep 2020,0.7517,-0.0611,0.2791,0.8296
03 Sep 2020,0.7535,-0.062,0.2682,0.7996
04 Sep 2020,0.7576,-0.0421,0.2928,0.822
07 Sep 2020,0.7589,-0.0497,0.291,0.8193
08 Sep 2020,0.7679,-0.1117,0.2172,0.7282
09 Sep 2020,0.7695,-0.0507,0.2803,0.7988
10 Sep 2020,0.7772,-0.0639,0.2819,0.8157
11 Sep 2020,0.7824,-0.1138,0.2234,0.7417
14 Sep 2020,0.7762,-0.087,0.2384,0.7505
15 Sep 2020,0.778,-0.0622,0.2554,0.762
16 Sep 2020,0.7689,-0.0526,0.2564,0.7568
17 Sep 2020,0.7721,-0.1133,0.219,0.7398
18 Sep 2020,0.7715,-0.1164,0.2185,0.7409
21 Sep 2020,0.7816,-0.1246,0.195,0.7107
22 Sep 2020,0.7861,-0.0711,0.2368,0.7394
23 Sep 2020,0.7834,-0.0521,0.2651,0.7728
24 Sep 2020,0.7865,-0.0675,0.2468,0.7561
25 Sep 2020,0.7871,-0.09,0.2205,0.72
28 Sep 2020,0.7787,-0.0745,0.2376,0.74
29 Sep 2020,0.7787,-0.0821,0.216,0.7167
30 Sep 2020,0.7738,-0.0562,0.2562,0.7705
01 Oct 2020,0.777,-0.0616,0.2667,0.7956
02 Oct 2020,0.7733,-0.0459,0.2877,0.8201
05 Oct 2020,0.7708,-0.0293,0.3187,0.86
06 Oct 2020,0.7714,-0.0256,0.3241,0.866
07 Oct 2020,0.7755,-0.0111,0.3405,0.8783
08 Oct 2020,0.7735,-0.0173,0.3282,0.8641
09 Oct 2020,0.7696,-0.0256,0.3109,0.8405
12 Oct 2020,0.7651,-0.024,0.3137,0.8506
13 Oct 2020,0.77,-0.0496,0.2737,0.7953
14 Oct 2020,0.7668,-0.0496,0.2617,0.7634
15 Oct 2020,0.7748,-0.0766,0.2149,0.709
16 Oct 2020,0.7734,-0.0771,0.2174,0.7164
19 Oct 2020,0.7694,-0.0828,0.2121,0.7045
20 Oct 2020,0.7715,-0.073,0.2319,0.7345
21 Oct 2020,0.7597,-0.0481,0.2777,0.7935
22 Oct 2020,0.7637,-0.01,0.3261,0.8454
23 Oct 2020,0.7665,-0.0105,0.3274,0.8433
26 Oct 2020,0.768,-0.0097,0.3235,0.8433
27 Oct 2020,0.7653,-0.0384,0.2737,0.7722
28 Oct 2020,0.7696,-0.0578,0.2531,0.748
29 Oct 2020,0.7749,-0.059,0.2566,0.7565
30 Oct 2020,0.7732,-0.0247,0.2976,0.8189
02 Nov 2020,0.775,-0.0562,0.2634,0.7883
03 Nov 2020,0.7651,-0.0167,0.3144,0.8336
04 Nov 2020,0.7696,-0.059,0.2479,0.7552
05 Nov 2020,0.7679,-0.0335,0.2781,0.792
06 Nov 2020,0.7599,-0.0113,0.3204,0.851
09 Nov 2020,0.7605,0.0557,0.4241,0.9626
10 Nov 2020,0.7547,0.0675,0.4447,0.9847
11 Nov 2020,0.7577,0.0846,0.459,1.0107
12 Nov 2020,0.7617,0.042,0.3987,0.9333
13 Nov 2020,0.7599,0.0352,0.3802,0.9171
16 Nov 2020,0.759,0.0402,0.3916,0.9363
17 Nov 2020,0.7541,0.0323,0.3712,0.9055
18 Nov 2020,0.7518,0.0371,0.3798,0.9201
19 Nov 2020,0.7561,0.0329,0.3712,0.9119
20 Nov 2020,0.7527,0.0153,0.3471,0.8793
23 Nov 2020,0.7522,0.0356,0.3684,0.899
24 Nov 2020,0.7488,0.0432,0.3708,0.8872
25 Nov 2020,0.7474,0.034,0.3562,0.8646
26 Nov 2020,0.7502,0.0116,0.3232,0.8264
27 Nov 2020,0.7494,0.0242,0.3403,0.8375
30 Nov 2020,0.7489,0.0385,0.3555,0.8531
01 Dec 2020,0.7483,0.074,0.4066,0.914
02 Dec 2020,0.7504,0.0572,0.3999,0.9137
03 Dec 2020,0.7409,0.0413,0.3758,0.896
04 Dec 2020,0.7422,0.0505,0.3944,0.9176
07 Dec 2020,0.7511,-0.0054,0.3221,0.8435
08 Dec 2020,0.7484,-0.0151,0.2969,0.7952
09 Dec 2020,0.7465,-0.0174,0.2974,0.7992
10 Dec 2020,0.7533,-0.0562,0.2456,0.7419
11 Dec 2020,0.7567,-0.081,0.2077,0.7001
14 Dec 2020,0.7502,-0.0353,0.2646,0.7564
15 Dec 2020,0.7436,-0.0023,0.3023,0.8129
16 Dec 2020,0.741,0.0052,0.3201,0.8276
17 Dec 2020,0.7358,0.0091,0.3121,0.8153
18 Dec 2020,0.7416,-0.0227,0.2815,0.7808
21 Dec 2020,0.7511,-0.0568,0.2404,0.7343
22 Dec 2020,0.7506,-0.0777,0.2233,0.7202
23 Dec 2020,0.7395,0.0163,0.346,0.8669
24 Dec 2020,0.7359,-0.0194,0.2952,0.8103
29 Dec 2020,0.7411,-0.0495,0.2523,0.7603
30 Dec 2020,0.7349,-0.044,0.2552,0.7595
31 Dec 2020,0.7327,-0.0642,0.2308,0.7242
04 Jan 2021,0.7364,-0.0678,0.229,0.7293
05 Jan 2021,0.7357,-0.0621,0.2543,0.7667
06 Jan 2021,0.738,-0.0485,0.2849,0.8087
07 Jan 2021,0.7383,-0.0105,0.3395,0.8711
08 Jan 2021,0.7358,-0.0051,0.3371,0.8617
11 Jan 2021,0.7412,0.0028,0.354,0.8914
12 Jan 2021,0.734,0.0492,0.3987,0.9163
13 Jan 2021,0.7335,0.0237,0.3544,0.8628
14 Jan 2021,0.7304,0.0043,0.3347,0.8443
15 Jan 2021,0.7361,-0.0038,0.3387,0.8535
18 Jan 2021,0.7366,-0.0055,0.344,0.856
19 Jan 2021,0.7343,-0.0086,0.3331,0.8396
20 Jan 2021,0.7337,0.0026,0.3468,0.8629
21 Jan 2021,0.7289,0.0212,0.3769,0.8919
22 Jan 2021,0.7315,0.0105,0.3624,0.8812
25 Jan 2021,0.7315,-0.0242,0.3108,0.8182
26 Jan 2021,0.7277,-0.0177,0.3195,0.8275
27 Jan 2021,0.7297,-0.0177,0.3155,0.8159
28 Jan 2021,0.7289,-0.0093,0.3276,0.8275
29 Jan 2021,0.7284,0.0125,0.372,0.8791
01 Feb 2021,0.7319,0.0086,0.3694,0.8769
02 Feb 2021,0.7337,0.0319,0.3986,0.9108
03 Feb 2021,0.7329,0.0481,0.4173,0.9287
04 Feb 2021,0.7321,0.1064,0.4871,1.0034
05 Feb 2021,0.7287,0.1439,0.5417,1.0654
08 Feb 2021,0.7278,0.1389,0.5345,1.054
09 Feb 2021,0.7248,0.1219,0.5139,1.0271
10 Feb 2021,0.7223,0.1328,0.5353,1.0544
11 Feb 2021,0.7233,0.1171,0.5197,1.0402
12 Feb 2021,0.7221,0.1438,0.5738,1.0982
15 Feb 2021,0.7188,0.1706,0.6274,1.1652
16 Feb 2021,0.7181,0.1994,0.6786,1.2146
17 Feb 2021,0.7219,0.1717,0.6335,1.1491
18 Feb 2021,0.717,0.2106,0.685,1.1933
19 Feb 2021,0.7132,0.2693,0.7566,1.2571
22 Feb 2021,0.7116,0.2629,0.7513,1.252
23 Feb 2021,0.7089,0.2689,0.7919,1.3186
24 Feb 2021,0.7091,0.2872,0.8381,1.3995
25 Feb 2021,0.7075,0.3459,0.8598,1.3854
26 Feb 2021,0.7155,0.3896,0.8926,1.3834
01 Mar 2021,0.7175,0.3412,0.8372,1.3332
02 Mar 2021,0.7169,0.2963,0.7774,1.2537
03 Mar 2021,0.7156,0.3426,0.8465,1.3296
04 Mar 2021,0.7147,0.3227,0.8064,1.2862
05 Mar 2021,0.7237,0.3616,0.8444,1.3059
08 Mar 2021,0.724,0.3432,0.8272,1.2887
09 Mar 2021,0.7198,0.3251,0.8016,1.2484
10 Mar 2021,0.7192,0.3143,0.7955,1.2382
11 Mar 2021,0.7159,0.3276,0.8245,1.2812
12 Mar 2021,0.7198,0.3758,0.9087,1.3712
15 Mar 2021,0.7214,0.3591,0.8759,1.3392
16 Mar 2021,0.7198,0.3596,0.8698,1.333
17 Mar 2021,0.72,0.3941,0.9178,1.3772
18 Mar 2021,0.7174,0.4086,0.9621,1.4262
19 Mar 2021,0.7209,0.3827,0.9272,1.3928
22 Mar 2021,0.7218,0.3643,0.9057,1.3692
23 Mar 2021,0.725,0.3234,0.8528,1.314
24 Mar 2021,0.7288,0.3227,0.8364,1.294
25 Mar 2021,0.7288,0.3112,0.8174,1.2636
26 Mar 2021,0.7251,0.3236,0.8384,1.2932
29 Mar 2021,0.7261,0.343,0.8751,1.3328
30 Mar 2021,0.7293,0.379,0.9257,1.3876
31 Mar 2021,0.7248,0.3901,0.9282,1.4056
01 Apr 2021,0.7236,0.3668,0.8859,1.3598
06 Apr 2021,0.7216,0.3707,0.8821,1.3463
07 Apr 2021,0.7253,0.3684,0.8742,1.3385
08 Apr 2021,0.7283,0.3489,0.8477,1.307
09 Apr 2021,0.7284,0.3627,0.8717,1.3251
12 Apr 2021,0.7276,0.3675,0.8836,1.3265
13 Apr 2021,0.7282,0.3643,0.8757,1.3223
14 Apr 2021,0.7256,0.3776,0.8974,1.3529
15 Apr 2021,0.7249,0.3212,0.8173,1.2631
16 Apr 2021,0.7237,0.3447,0.8558,1.3069
19 Apr 2021,0.7151,0.3383,0.8461,1.2936
20 Apr 2021,0.7168,0.327,0.8242,1.2731
21 Apr 2021,0.7179,0.3304,0.8353,1.2937
22 Apr 2021,0.7222,0.3205,0.82,1.2732
23 Apr 2021,0.7225,0.3273,0.8386,1.2886
26 Apr 2021,0.7197,0.3391,0.845,1.2915
27 Apr 2021,0.7186,0.3526,0.8591,1.3045
28 Apr 2021,0.7191,0.3685,0.8871,1.3208
29 Apr 2021,0.7171,0.4007,0.9348,1.3621
30 Apr 2021,0.7223,0.4036,0.931,1.3518
04 May 2021,0.7203,0.3615,0.8843,1.3046
05 May 2021,0.7189,0.3742,0.908,1.3384
06 May 2021,0.72,0.3402,0.8773,1.3262
07 May 2021,0.7154,0.316,0.8565,1.3163
10 May 2021,0.7073,0.334,0.8803,1.3401
11 May 2021,0.707,0.3746,0.934,1.4071
12 May 2021,0.7094,0.4244,0.9868,1.4491
13 May 2021,0.7119,0.4339,1.0004,1.4665
14 May 2021,0.7098,0.4104,0.9662,1.433
17 May 2021,0.7083,0.4093,0.9677,1.4303
18 May 2021,0.7037,0.405,0.9624,1.4381
19 May 2021,0.707,0.3901,0.9418,1.4223
20 May 2021,0.7065,0.3888,0.944,1.4246
21 May 2021,0.7061,0.3843,0.9371,1.4166
24 May 2021,0.7063,0.3644,0.9118,1.3899
25 May 2021,0.7076,0.3483,0.8893,1.3521
26 May 2021,0.708,0.3252,0.8509,1.309
27 May 2021,0.7052,0.3742,0.9099,1.3484
28 May 2021,0.7054,0.3626,0.8888,1.3255
01 Jun 2021,0.7056,0.3899,0.93,1.3751
02 Jun 2021,0.706,0.3664,0.902,1.3527
03 Jun 2021,0.7052,0.3916,0.9352,1.3863
04 Jun 2021,0.7056,0.3669,0.896,1.3521
07 Jun 2021,0.7058,0.3829,0.9104,1.3681
08 Jun 2021,0.7067,0.3613,0.8784,1.3311
09 Jun 2021,0.7079,0.3374,0.8366,1.2873
10 Jun 2021,0.7071,0.3559,0.8575,1.3066
11 Jun 2021,0.7081,0.3208,0.8137,1.2662
14 Jun 2021,0.7085,0.3385,0.8374,1.2908
15 Jun 2021,0.7101,0.3628,0.8621,1.3007
16 Jun 2021,0.709,0.3579,0.848,1.2866
17 Jun 2021,0.7168,0.4148,0.888,1.3022
18 Jun 2021,0.7243,0.4061,0.8507,1.2429
21 Jun 2021,0.7192,0.4067,0.8569,1.2516
22 Jun 2021,0.7186,0.4153,0.8776,1.294
23 Jun 2021,0.7159,0.4128,0.8783,1.304
24 Jun 2021,0.7197,0.3783,0.8394,1.2675
25 Jun 2021,0.7187,0.4005,0.8728,1.3065
28 Jun 2021,0.7202,0.3773,0.8296,1.2589
29 Jun 2021,0.7227,0.3711,0.8316,1.2701
30 Jun 2021,0.7236,0.3618,0.8202,1.2636
01 Jul 2021,0.7262,0.3615,0.8274,1.2663
02 Jul 2021,0.7255,0.3451,0.805,1.247
05 Jul 2021,0.7225,0.3424,0.8145,1.2578
06 Jul 2021,0.7243,0.2912,0.7263,1.1774
07 Jul 2021,0.7258,0.2712,0.6896,1.1299
08 Jul 2021,0.7267,0.2723,0.689,1.1259
09 Jul 2021,0.7226,0.3233,0.7555,1.1961
12 Jul 2021,0.7197,0.3151,0.7375,1.1699
13 Jul 2021,0.7224,0.3062,0.7115,1.1294
14 Jul 2021,0.721,0.3214,0.7173,1.1218
15 Jul 2021,0.7213,0.3839,0.757,1.1664
16 Jul 2021,0.7252,0.3482,0.7141,1.1251
19 Jul 2021,0.7315,0.2799,0.6317,1.0306
20 Jul 2021,0.735,0.2857,0.6321,1.0072
21 Jul 2021,0.7313,0.3193,0.6849,1.0672
22 Jul 2021,0.727,0.2893,0.6521,1.022
23 Jul 2021,0.7273,0.3054,0.6693,1.0292
26 Jul 2021,0.7234,0.3003,0.6549,1.0141
27 Jul 2021,0.7204,0.2984,0.647,1.0046
28 Jul 2021,0.7209,0.2995,0.6543,1.0154
29 Jul 2021,0.7156,0.2939,0.6516,1.0173
30 Jul 2021,0.7191,0.2867,0.65,1.0212
02 Aug 2021,0.7195,0.2649,0.6273,1.0034
03 Aug 2021,0.7198,0.2462,0.5994,0.9668
04 Aug 2021,0.719,0.2632,0.6135,0.9785
05 Aug 2021,0.7177,0.257,0.6043,0.9613
06 Aug 2021,0.7211,0.3324,0.698,1.0484
09 Aug 2021,0.7221,0.3072,0.6586,0.9874
10 Aug 2021,0.7222,0.3212,0.6609,0.9904
11 Aug 2021,0.7211,0.3111,0.658,0.9935
12 Aug 2021,0.7228,0.3328,0.6773,1.0242
13 Aug 2021,0.7219,0.3217,0.6583,1.0039
16 Aug 2021,0.7216,0.3168,0.6492,0.9949
17 Aug 2021,0.7279,0.3166,0.6399,0.9799
18 Aug 2021,0.727,0.3133,0.648,1.0004
19 Aug 2021,0.732,0.2871,0.6233,0.98
20 Aug 2021,0.7346,0.2656,0.6078,0.9765
23 Aug 2021,0.7292,0.2838,0.621,0.9863
24 Aug 2021,0.7282,0.2906,0.6222,0.9836
25 Aug 2021,0.7283,0.3291,0.6824,1.0515
26 Aug 2021,0.7291,0.327,0.6808,1.0532
27 Aug 2021,0.7274,0.3183,0.6694,1.0418
31 Aug 2021,0.7267,0.3453,0.7138,1.1012
01 Sep 2021,0.7254,0.3246,0.6901,1.0748
02 Sep 2021,0.7229,0.312,0.6762,1.0604
03 Sep 2021,0.7209,0.3262,0.7077,1.0981
06 Sep 2021,0.7232,0.3104,0.6867,1.0724
07 Sep 2021,0.7255,0.341,0.7355,1.1139
08 Sep 2021,0.728,0.3401,0.7258,1.0983
09 Sep 2021,0.7223,0.3645,0.7329,1.0973
10 Sep 2021,0.7218,0.3657,0.7403,1.1012
13 Sep 2021,0.7221,0.3722,0.7404,1.0949
14 Sep 2021,0.722,0.3749,0.7322,1.0788
15 Sep 2021,0.7232,0.3976,0.7539,1.0968
16 Sep 2021,0.7256,0.4388,0.7999,1.1444
17 Sep 2021,0.7273,0.4707,0.8473,1.1975
20 Sep 2021,0.7318,0.4275,0.7977,1.1511
21 Sep 2021,0.7329,0.4293,0.7932,1.1489
22 Sep 2021,0.7329,0.4331,0.793,1.1548
23 Sep 2021,0.7275,0.5413,0.8961,1.2386
24 Sep 2021,0.7314,0.5534,0.9297,1.2822
27 Sep 2021,0.7295,0.562,0.9543,1.3202
28 Sep 2021,0.7387,0.5924,0.9953,1.3675
29 Sep 2021,0.7449,0.5822,0.988,1.3687
30 Sep 2021,0.7416,0.6186,1.0429,1.4265
01 Oct 2021,0.7386,0.6055,1.0273,1.418
04 Oct 2021,0.735,0.591,1.0147,1.4102
05 Oct 2021,0.734,0.6621,1.1005,1.4919
06 Oct 2021,0.737,0.6634,1.084,1.4705
07 Oct 2021,0.7341,0.6701,1.0881,1.4705
08 Oct 2021,0.7333,0.7424,1.1683,1.5425
11 Oct 2021,0.7339,0.7731,1.1906,1.556
12 Oct 2021,0.7352,0.7463,1.1504,1.4943
13 Oct 2021,0.7335,0.7079,1.0627,1.3672
14 Oct 2021,0.7308,0.6738,1.0428,1.3361
15 Oct 2021,0.7263,0.7202,1.0897,1.407
18 Oct 2021,0.7289,0.7989,1.118,1.4099
19 Oct 2021,0.7247,0.8123,1.1458,1.4085
20 Oct 2021,0.7238,0.7908,1.1482,1.4391
21 Oct 2021,0.7235,0.8332,1.2055,1.498
22 Oct 2021,0.7261,0.8098,1.1595,1.4342
25 Oct 2021,0.7262,0.7771,1.1374,1.4184
26 Oct 2021,0.7255,0.7581,1.1108,1.3748
27 Oct 2021,0.7292,0.6597,0.9751,1.1962
28 Oct 2021,0.7246,0.6989,0.9791,1.1576
29 Oct 2021,0.7296,0.7935,1.0393,1.1933
01 Nov 2021,0.7311,0.8033,1.0689,1.2264
02 Nov 2021,0.7347,0.7555,1.0298,1.2327
03 Nov 2021,0.7321,0.7947,1.068,1.2729
04 Nov 2021,0.7412,0.6146,0.9528,1.2174
05 Nov 2021,0.7412,0.5142,0.8401,1.0855
08 Nov 2021,0.7373,0.5266,0.8549,1.0829
09 Nov 2021,0.738,0.5444,0.8219,1.0194
10 Nov 2021,0.7421,0.6591,0.9261,1.1385
11 Nov 2021,0.7467,0.6476,0.9179,1.1309
12 Nov 2021,0.7466,0.6227,0.9197,1.1507
15 Nov 2021,0.7445,0.6526,0.954,1.1818
16 Nov 2021,0.7451,0.6808,0.9716,1.2006
17 Nov 2021,0.7427,0.6737,0.9809,1.2221
18 Nov 2021,0.742,0.6285,0.9367,1.1824
19 Nov 2021,0.7428,0.5835,0.8882,1.1268
22 Nov 2021,0.7462,0.6276,0.9381,1.1783
23 Nov 2021,0.7479,0.6806,0.9777,1.1831
24 Nov 2021,0.7502,0.7123,1.0121,1.2142
25 Nov 2021,0.7508,0.6815,0.9682,1.1699
26 Nov 2021,0.7499,0.5421,0.8111,1.0325
29 Nov 2021,0.7522,0.5824,0.8497,1.0592
30 Nov 2021,0.7557,0.5809,0.8244,1.0044
01 Dec 2021,0.751,0.6077,0.8379,1.0251
02 Dec 2021,0.7515,0.578,0.7997,0.9971
03 Dec 2021,0.7565,0.55,0.7686,0.9626
06 Dec 2021,0.7555,0.5214,0.7347,0.9277
07 Dec 2021,0.7556,0.5138,0.7234,0.9024
08 Dec 2021,0.7567,0.5161,0.7546,0.9306
09 Dec 2021,0.7572,0.4979,0.7479,0.9587
10 Dec 2021,0.756,0.48,0.7239,0.9498
13 Dec 2021,0.7558,0.4688,0.7053,0.9457
14 Dec 2021,0.7557,0.4957,0.7242,0.9726
15 Dec 2021,0.7568,0.518,0.7286,0.9875
16 Dec 2021,0.7504,0.5479,0.7525,0.9998
17 Dec 2021,0.754,0.5655,0.7756,1.0409
20 Dec 2021,0.7564,0.5766,0.7772,1.0402
21 Dec 2021,0.7557,0.6697,0.8847,1.1554
22 Dec 2021,0.7493,0.6953,0.8996,1.1645
23 Dec 2021,0.7457,0.7311,0.941,1.2018
24 Dec 2021,0.7455,0.7185,0.9267,1.18
29 Dec 2021,0.7415,0.7901,1.0195,1.2728
30 Dec 2021,0.7408,0.7656,0.9831,1.2321
31 Dec 2021,0.742,0.7621,0.9785,1.2152
04 Jan 2022,0.7378,0.8583,1.0842,1.3062
05 Jan 2022,0.7372,0.8656,1.0863,1.2982
06 Jan 2022,0.7393,0.9264,1.1575,1.3653
07 Jan 2022,0.7368,0.9524,1.1849,1.3862
10 Jan 2022,0.7374,0.9675,1.199,1.4029
11 Jan 2022,0.735,0.9656,1.1781,1.3637
12 Jan 2022,0.7306,0.9438,1.1558,1.3465
13 Jan 2022,0.7281,0.9048,1.1252,1.3216
14 Jan 2022,0.7308,0.9292,1.1568,1.348
17 Jan 2022,0.7326,0.9581,1.1952,1.3918
18 Jan 2022,0.7363,0.9876,1.2239,1.4168
19 Jan 2022,0.7358,1.0386,1.2779,1.472
20 Jan 2022,0.7321,1.009,1.2395,1.4371
21 Jan 2022,0.7375,0.9617,1.1811,1.3814
24 Jan 2022,0.7427,0.933,1.1369,1.3299
25 Jan 2022,0.7415,0.9523,1.1661,1.3593
26 Jan 2022,0.74,0.9931,1.2166,1.4198
27 Jan 2022,0.7468,1.0312,1.2432,1.4381
28 Jan 2022,0.7454,1.0322,1.2548,1.4515
31 Jan 2022,0.7453,1.102,1.3238,1.5338
01 Feb 2022,0.7404,1.1116,1.3208,1.5159
02 Feb 2022,0.7368,1.0705,1.2628,1.4378
03 Feb 2022,0.7348,1.194,1.3857,1.5495
04 Feb 2022,0.7391,1.2685,1.417,1.5669
07 Feb 2022,0.7391,1.2781,1.4257,1.5931
08 Feb 2022,0.7378,1.3423,1.504,1.6807
09 Feb 2022,0.7382,1.2763,1.4325,1.6094
10 Feb 2022,0.7344,1.3607,1.5219,1.6939
11 Feb 2022,0.7351,1.383,1.5381,1.7022
14 Feb 2022,0.74,1.4382,1.5721,1.7271
15 Feb 2022,0.7395,1.469,1.5768,1.7077
16 Feb 2022,0.7365,1.3689,1.5264,1.6783
17 Feb 2022,0.7342,1.3038,1.4731,1.6434
18 Feb 2022,0.7362,1.2335,1.3936,1.564
21 Feb 2022,0.7349,1.2426,1.4099,1.5772
22 Feb 2022,0.7358,1.3076,1.4786,1.6441
23 Feb 2022,0.7375,1.278,1.4832,1.6572
24 Feb 2022,0.7533,1.2464,1.4594,1.6661
25 Feb 2022,0.7454,1.211,1.4673,1.7029
28 Feb 2022,0.7452,1.1001,1.4274,1.69
01 Mar 2022,0.749,0.838,1.1579,1.4499
02 Mar 2022,0.751,1.0279,1.2544,1.5271
03 Mar 2022,0.7496,1.1024,1.3142,1.6042
04 Mar 2022,0.7567,0.9896,1.2012,1.5063
07 Mar 2022,0.7613,1.0932,1.2918,1.565
08 Mar 2022,0.7627,1.2335,1.4186,1.6639
09 Mar 2022,0.76,1.3363,1.5069,1.7382
10 Mar 2022,0.7616,1.316,1.5176,1.7659
11 Mar 2022,0.7642,1.3139,1.5226,1.7694
14 Mar 2022,0.7665,1.3903,1.6034,1.8479
15 Mar 2022,0.7653,1.3533,1.5674,1.8164
16 Mar 2022,0.7637,1.4209,1.6248,1.8836
17 Mar 2022,0.7601,1.333,1.5756,1.8638
18 Mar 2022,0.7591,1.2396,1.4975,1.8024
21 Mar 2022,0.7575,1.3494,1.6163,1.9123
22 Mar 2022,0.7541,1.4537,1.6989,1.98
23 Mar 2022,0.7569,1.4235,1.6472,1.9349
24 Mar 2022,0.7585,1.4041,1.6353,1.8982
25 Mar 2022,0.758,1.4585,1.6791,1.9345
28 Mar 2022,0.764,1.4133,1.6136,1.8492
29 Mar 2022,0.7613,1.4315,1.6508,1.8757
30 Mar 2022,0.7591,1.4468,1.6641,1.8899
31 Mar 2022,0.7598,1.4276,1.6264,1.8592
01 Apr 2022,0.7628,1.4477,1.6308,1.8431
04 Apr 2022,0.7624,1.412,1.5643,1.7705
05 Apr 2022,0.7625,1.4996,1.6662,1.8654
06 Apr 2022,0.7637,1.537,1.7254,1.9255
07 Apr 2022,0.7653,1.533,1.7334,1.9472
08 Apr 2022,0.7688,1.5513,1.7629,1.9898
11 Apr 2022,0.7668,1.6227,1.8458,2.0647
12 Apr 2022,0.767,1.5774,1.8041,2.0358
13 Apr 2022,0.767,1.5715,1.8099,2.0445
14 Apr 2022,0.7664,1.6276,1.8839,2.1319
19 Apr 2022,0.7698,1.7131,1.9894,2.2391
20 Apr 2022,0.7664,1.6693,1.9175,2.1613
21 Apr 2022,0.7674,1.782,1.9812,2.1789
22 Apr 2022,0.7786,1.7664,1.9537,2.1271
25 Apr 2022,0.7863,1.6381,1.8459,2.049
26 Apr 2022,0.7923,1.5812,1.7962,2.003
27 Apr 2022,0.7998,1.5894,1.8232,2.0424
28 Apr 2022,0.8039,1.6346,1.8782,2.1093
29 Apr 2022,0.7964,1.6898,1.9191,2.1488
03 May 2022,0.7991,1.7272,1.9526,2.1742
04 May 2022,0.8001,1.7455,1.9782,2.193
05 May 2022,0.8081,1.6685,1.9634,2.2214
06 May 2022,0.8097,1.6784,2.0192,2.2943
09 May 2022,0.8126,1.5881,1.9667,2.2607
10 May 2022,0.8121,1.4969,1.8602,2.1563
11 May 2022,0.8104,1.499,1.8818,2.2016
12 May 2022,0.8178,1.3537,1.7176,2.0561
13 May 2022,0.8183,1.3929,1.7617,2.0951
16 May 2022,0.8163,1.3922,1.7549,2.0819
17 May 2022,0.8019,1.5679,1.8909,2.1913
18 May 2022,0.8056,1.5704,1.8691,2.1817
19 May 2022,0.8007,1.5835,1.8728,2.1855
20 May 2022,0.8022,1.5998,1.9003,2.2178
23 May 2022,0.7955,1.6781,1.987,2.2881
24 May 2022,0.7984,1.5471,1.8786,2.2032
25 May 2022,0.7971,1.5648,1.9249,2.2587
26 May 2022,0.7954,1.6145,1.9959,2.3361
27 May 2022,0.7927,1.5808,1.946,2.2954
30 May 2022,0.7906,1.618,2.0008,2.3471
31 May 2022,0.7936,1.7197,2.1303,2.5046
01 Jun 2022,0.8003,1.7653,2.1457,2.4972
06 Jun 2022,0.7964,1.8905,2.2539,2.5834
07 Jun 2022,0.7949,1.8548,2.2042,2.5107
08 Jun 2022,0.7969,1.8949,2.2409,2.5503
09 Jun 2022,0.7974,1.9851,2.3182,2.5917
10 Jun 2022,0.8102,2.1422,2.4145,2.6501
13 Jun 2022,0.8243,2.2225,2.4927,2.7184
14 Jun 2022,0.8333,2.2282,2.5454,2.7965
15 Jun 2022,0.8288,2.0804,2.4538,2.7383
16 Jun 2022,0.8147,2.1972,2.5136,2.7776
17 Jun 2022,0.8209,2.2293,2.4922,2.7718
20 Jun 2022,0.816,2.3227,2.5934,2.8964
21 Jun 2022,0.8142,2.3424,2.6398,2.9563
22 Jun 2022,0.8161,2.1617,2.474,2.8073
23 Jun 2022,0.8169,1.9584,2.3027,2.655
24 Jun 2022,0.8138,1.9732,2.3145,2.6579
27 Jun 2022,0.8128,2.0499,2.4003,2.7468
28 Jun 2022,0.8196,2.1531,2.4864,2.8296
29 Jun 2022,0.825,2.0686,2.3966,2.7791
30 Jun 2022,0.8235,1.9327,2.2942,2.7155
01 Jul 2022,0.833,1.7262,2.1203,2.5588
04 Jul 2022,0.8253,1.8698,2.2503,2.6974
05 Jul 2022,0.8392,1.7444,2.1281,2.6108
06 Jul 2022,0.8395,1.7405,2.1388,2.645
07 Jul 2022,0.8333,1.7871,2.1623,2.6423
08 Jul 2022,0.8316,1.8976,2.2736,2.7427
11 Jul 2022,0.8414,1.8478,2.2328,2.7343
12 Jul 2022,0.8412,1.7521,2.1496,2.7183
13 Jul 2022,0.8366,1.7596,2.139,2.6692
14 Jul 2022,0.8485,1.829,2.1635,2.6832
15 Jul 2022,0.8435,1.8093,2.1715,2.7418
18 Jul 2022,0.8315,1.871,2.2327,2.7859
19 Jul 2022,0.8315,1.9215,2.275,2.8522
20 Jul 2022,0.8335,1.9066,2.2179,2.8067
21 Jul 2022,0.837,1.8268,2.114,2.6637
22 Jul 2022,0.8306,1.7063,2.0209,2.599
25 Jul 2022,0.8302,1.7054,2.0247,2.6517
26 Jul 2022,0.8303,1.6795,1.9855,2.6189
27 Jul 2022,0.8312,1.7219,2.019,2.668
28 Jul 2022,0.8255,1.5942,1.9204,2.5671
29 Jul 2022,0.8222,1.6087,1.9277,2.5456
01 Aug 2022,0.8141,1.5434,1.8509,2.4135
02 Aug 2022,0.8185,1.6,1.8854,2.3992
03 Aug 2022,0.8256,1.7308,1.9725,2.4552
04 Aug 2022,0.8257,1.6989,1.9273,2.4068
05 Aug 2022,0.8292,1.8588,2.0884,2.549
08 Aug 2022,0.8252,1.7655,2.0009,2.4715
09 Aug 2022,0.8273,1.8164,2.0349,2.4904
10 Aug 2022,0.8157,1.7796,2.002,2.465
11 Aug 2022,0.8179,1.8808,2.1265,2.5895
12 Aug 2022,0.8252,1.9208,2.1801,2.6749
15 Aug 2022,0.8278,1.8394,2.0804,2.5641
16 Aug 2022,0.8268,1.9617,2.1948,2.652
17 Aug 2022,0.8303,2.1314,2.3349,2.7505
18 Aug 2022,0.8331,2.1497,2.3378,2.7353
19 Aug 2022,0.8471,2.2598,2.4607,2.8568
22 Aug 2022,0.8482,2.3469,2.5446,2.9587
23 Aug 2022,0.8437,2.4428,2.5987,3.0007
24 Aug 2022,0.8462,2.6452,2.7218,3.0639
25 Aug 2022,0.8456,2.5387,2.661,3.0362
26 Aug 2022,0.848,2.5294,2.6461,3.0279
30 Aug 2022,0.8598,2.6471,2.7712,3.1641
31 Aug 2022,0.8593,2.7303,2.8624,3.2512
01 Sep 2022,0.8676,2.806,2.9689,3.39
02 Sep 2022,0.8633,2.7887,2.9584,3.4076
05 Sep 2022,0.869,2.8533,2.9703,3.3417
06 Sep 2022,0.8674,2.9245,3.0907,3.4919
07 Sep 2022,0.8721,2.864,3.0732,3.4992
08 Sep 2022,0.8702,2.974,3.2052,3.6389
09 Sep 2022,0.8633,2.9716,3.1724,3.622
12 Sep 2022,0.8544,2.9178,3.1065,3.5466
13 Sep 2022,0.8665,3.0228,3.1928,3.5848
14 Sep 2022,0.8636,3.0147,3.174,3.5446
15 Sep 2022,0.8703,3.0397,3.1921,3.5698
16 Sep 2022,0.8748,3.0791,3.2056,3.581
20 Sep 2022,0.876,3.233,3.3364,3.6942
21 Sep 2022,0.8824,3.3106,3.3695,3.7011
22 Sep 2022,0.8877,3.4956,3.5516,3.8771
23 Sep 2022,0.9177,3.9648,3.8426,4.0875
26 Sep 2022,0.927,4.3661,4.1817,4.472
27 Sep 2022,0.9282,4.5188,4.4341,4.8707
28 Sep 2022,0.9307,4.2254,4.0517,4.0178
29 Sep 2022,0.9063,4.311,4.121,4.056
30 Sep 2022,0.8953,4.3172,4.1021,3.9372
03 Oct 2022,0.8865,4.1235,3.9766,4.0105
04 Oct 2022,0.8769,4.0157,3.9036,4.1185
05 Oct 2022,0.8893,4.1345,4.0527,4.3022
06 Oct 2022,0.8929,4.272,4.2134,4.4597
07 Oct 2022,0.8995,4.3036,4.2826,4.5771
10 Oct 2022,0.9051,4.5375,4.5445,4.9129
11 Oct 2022,0.9023,4.4362,4.4839,4.9591
12 Oct 2022,0.9032,4.4011,4.5387,5.0406
13 Oct 2022,0.8899,4.1795,4.3034,4.7559
14 Oct 2022,0.8888,4.2044,4.3868,4.9266
17 Oct 2022,0.8746,3.8787,4.0661,4.5563
18 Oct 2022,0.8832,3.8064,3.9967,4.4469
19 Oct 2022,0.8881,3.7897,3.9383,4.2058
20 Oct 2022,0.8835,3.8119,3.9214,4.1131
21 Oct 2022,0.8988,4.0283,4.1101,4.2433
24 Oct 2022,0.8839,3.7354,3.8207,3.9721
25 Oct 2022,0.8728,3.6636,3.7265,3.8999
26 Oct 2022,0.8621,3.5937,3.6771,3.9074
27 Oct 2022,0.8635,3.4691,3.5847,3.8252
28 Oct 2022,0.8627,3.4578,3.5362,3.7611
31 Oct 2022,0.8685,3.5657,3.6167,3.8567
01 Nov 2022,0.8726,3.4417,3.5422,3.7988
02 Nov 2022,0.8724,3.3394,3.512,3.8281
03 Nov 2022,0.8945,3.3629,3.5795,3.9202
04 Nov 2022,0.8868,3.3787,3.63,3.9896
07 Nov 2022,0.8721,3.4752,3.7038,4.0489
08 Nov 2022,0.8648,3.4518,3.6336,3.9474
09 Nov 2022,0.8792,3.4039,3.5229,3.7593
10 Nov 2022,0.8563,3.2459,3.3474,3.5907
11 Nov 2022,0.8493,3.3147,3.432,3.6917
14 Nov 2022,0.8526,3.308,3.4335,3.6973
15 Nov 2022,0.8407,3.2704,3.384,3.6892
16 Nov 2022,0.8411,3.1349,3.2255,3.516
17 Nov 2022,0.849,3.1949,3.277,3.5596
18 Nov 2022,0.8384,3.2385,3.3129,3.5934
21 Nov 2022,0.8485,3.2154,3.2554,3.5053
22 Nov 2022,0.8418,3.1733,3.2208,3.5112
23 Nov 2022,0.8288,3.1011,3.078,3.36
24 Nov 2022,0.8236,3.1208,3.1054,3.4198
25 Nov 2022,0.8268,3.2156,3.2018,3.4962
28 Nov 2022,0.8306,3.1895,3.1932,3.5071
29 Nov 2022,0.8332,3.1562,3.1737,3.4937
30 Nov 2022,0.8395,3.2234,3.2515,3.5798
01 Dec 2022,0.8152,3.1679,3.1981,3.5644
02 Dec 2022,0.8186,3.2271,3.254,3.6584
05 Dec 2022,0.8185,3.1811,3.1801,3.5859
06 Dec 2022,0.8181,3.1611,3.1651,3.5892
07 Dec 2022,0.8198,3.1217,3.1417,3.5973
08 Dec 2022,0.8184,3.1287,3.1667,3.6344
09 Dec 2022,0.8133,3.1879,3.2488,3.693
12 Dec 2022,0.8161,3.2426,3.2922,3.7626
13 Dec 2022,0.8068,3.2739,3.3452,3.8163
14 Dec 2022,0.8062,3.2635,3.3973,3.8406
15 Dec 2022,0.8183,3.1747,3.2988,3.7662
16 Dec 2022,0.8228,3.2968,3.4179,3.8329
19 Dec 2022,0.8244,3.4155,3.5326,3.9388
20 Dec 2022,0.8238,3.5502,3.662,4.0399
21 Dec 2022,0.8258,3.5193,3.62,3.9781
22 Dec 2022,0.8313,3.5498,3.6422,3.9963
23 Dec 2022,0.8285,3.5889,3.6767,4.0237
28 Dec 2022,0.8308,3.606,3.7272,4.0727
29 Dec 2022,0.8295,3.6069,3.7416,4.0962
30 Dec 2022,0.8306,3.5814,3.7312,4.0766
03 Jan 2023,0.8328,3.5721,3.7084,4.0771
04 Jan 2023,0.8305,3.4465,3.5766,3.9652
05 Jan 2023,0.8418,3.4968,3.6311,4.0437
06 Jan 2023,0.8301,3.4001,3.5511,4.005
09 Jan 2023,0.8201,3.4282,3.614,4.0896
10 Jan 2023,0.8232,3.4343,3.6194,4.0316
11 Jan 2023,0.8244,3.3002,3.4642,3.8756
12 Jan 2023,0.8212,3.2362,3.4164,3.8344
13 Jan 2023,0.8187,3.2673,3.421,3.8352
16 Jan 2023,0.8193,3.2995,3.4515,3.8537
17 Jan 2023,0.8143,3.271,3.4035,3.8043
18 Jan 2023,0.8068,3.2443,3.3646,3.7802
19 Jan 2023,0.8091,3.2552,3.3627,3.7554
20 Jan 2023,0.8085,3.2669,3.4154,3.8163
23 Jan 2023,0.8085,3.2654,3.4278,3.833
24 Jan 2023,0.812,3.1882,3.366,3.7703
25 Jan 2023,0.8092,3.1563,3.3419,3.7518
26 Jan 2023,0.8093,3.1907,3.3924,3.797
27 Jan 2023,0.8092,3.2104,3.4077,3.8243
30 Jan 2023,0.8078,3.2065,3.401,3.8066
31 Jan 2023,0.8125,3.2138,3.4113,3.8409
01 Feb 2023,0.8113,3.2023,3.4169,3.871
02 Feb 2023,0.8131,2.8712,3.1011,3.6451
03 Feb 2023,0.8261,2.924,3.162,3.7187
06 Feb 2023,0.8324,3.1129,3.3253,3.8278
07 Feb 2023,0.8323,3.169,3.3729,3.8461
08 Feb 2023,0.828,3.1684,3.3932,3.8794
09 Feb 2023,0.8218,3.2005,3.384,3.8638
10 Feb 2023,0.8282,3.312,3.4792,3.9345
13 Feb 2023,0.8239,3.3368,3.4942,3.9382
14 Feb 2023,0.8226,3.4574,3.5809,3.9835
15 Feb 2023,0.8331,3.3844,3.5463,3.9597
16 Feb 2023,0.8326,3.3974,3.5894,4.013
17 Feb 2023,0.8335,3.4227,3.6157,4.0568
20 Feb 2023,0.8314,3.3719,3.5722,4.0161
21 Feb 2023,0.8238,3.532,3.7004,4.111
22 Feb 2023,0.8287,3.5205,3.6732,4.08
23 Feb 2023,0.8317,3.5429,3.6798,4.0961
24 Feb 2023,0.8375,3.62,3.7337,4.1533
27 Feb 2023,0.8312,3.6751,3.7797,4.2144
28 Feb 2023,0.826,3.6845,3.7806,4.2094
01 Mar 2023,0.8328,3.6673,3.7959,4.2819
02 Mar 2023,0.8365,3.6762,3.8239,4.3039
03 Mar 2023,0.8349,3.6776,3.8245,4.306
06 Mar 2023,0.8332,3.6862,3.793,4.258
07 Mar 2023,0.8423,3.7054,3.7715,4.2129
08 Mar 2023,0.8448,3.6601,3.6903,4.1132
09 Mar 2023,0.8409,3.7002,3.7376,4.1654
10 Mar 2023,0.8263,3.5065,3.556,4.034
13 Mar 2023,0.8224,3.2985,3.3381,3.891
14 Mar 2023,0.8233,3.4282,3.4648,3.9629
15 Mar 2023,0.8314,3.2493,3.2957,3.8172
16 Mar 2023,0.8258,3.2753,3.319,3.8268
17 Mar 2023,0.8237,3.1609,3.2315,3.7783
20 Mar 2023,0.816,3.1799,3.285,3.8596
21 Mar 2023,0.8199,3.2268,3.3377,3.8769
22 Mar 2023,0.8175,3.3976,3.428,3.9326
23 Mar 2023,0.812,3.2217,3.3224,3.8646
24 Mar 2023,0.8181,3.1296,3.2375,3.7933
27 Mar 2023,0.8147,3.2301,3.3268,3.8472
28 Mar 2023,0.8112,3.2987,3.4124,3.9016
29 Mar 2023,0.8123,3.3187,3.4105,3.8669
30 Mar 2023,0.8078,3.3854,3.4719,3.9
31 Mar 2023,0.8088,3.4063,3.4781,3.9168
03 Apr 2023,0.8066,3.2969,3.3628,3.7863
04 Apr 2023,0.799,3.2988,3.3963,3.8142
05 Apr 2023,0.8032,3.2881,3.404,3.8436
06 Apr 2023,0.8042,3.2874,3.3977,3.8344
11 Apr 2023,0.8044,3.3897,3.4981,3.9132
12 Apr 2023,0.8022,3.4102,3.5235,3.9402
13 Apr 2023,0.7994,3.4002,3.5207,3.9713
14 Apr 2023,0.8036,3.4993,3.6085,4.0494
17 Apr 2023,0.8087,3.5285,3.657,4.1028
18 Apr 2023,0.8046,3.5824,3.6959,4.1385
19 Apr 2023,0.8032,3.7174,3.8049,4.2274
20 Apr 2023,0.8027,3.6462,3.7354,4.1611
21 Apr 2023,0.8066,3.6368,3.7231,4.1492
24 Apr 2023,0.8028,3.6423,3.7151,4.1403
25 Apr 2023,0.8063,3.5707,3.6396,4.0774
26 Apr 2023,0.8018,3.5786,3.6574,4.1031
27 Apr 2023,0.8004,3.6652,3.7406,4.1881
28 Apr 2023,0.7958,3.6178,3.6783,4.1263
02 May 2023,0.8018,3.5665,3.6269,4.0992
03 May 2023,0.7979,3.5891,3.65,4.1301
04 May 2023,0.7954,3.5395,3.6409,4.1324
05 May 2023,0.792,3.6179,3.7292,4.2096
09 May 2023,0.7929,3.6836,3.7891,4.2519
10 May 2023,0.7925,3.6536,3.7511,4.2185
11 May 2023,0.7985,3.57,3.6715,4.1733
12 May 2023,0.8015,3.62,3.7302,4.238
15 May 2023,0.7994,3.657,3.7779,4.2812
16 May 2023,0.8004,3.6522,3.7773,4.2848
17 May 2023,0.8022,3.6829,3.7846,4.2887
18 May 2023,0.8059,3.8112,3.9169,4.4155
19 May 2023,0.8041,3.854,3.968,4.4425
22 May 2023,0.805,3.9136,4.002,4.4656
23 May 2023,0.8052,4.0196,4.1156,4.5685
24 May 2023,0.8086,4.1313,4.1376,4.541
25 May 2023,0.8093,4.32,4.3025,4.6646
26 May 2023,0.8109,4.3045,4.2932,4.6767
30 May 2023,0.8057,4.2221,4.1883,4.5952
31 May 2023,0.8068,4.1168,4.1155,4.5201
01 Jun 2023,0.7985,4.0762,4.0651,4.4735
02 Jun 2023,0.801,4.1088,4.0871,4.4792
05 Jun 2023,0.8058,4.1836,4.1464,4.5195
06 Jun 2023,0.8059,4.2032,4.1437,4.4889
07 Jun 2023,0.8024,4.2523,4.1671,4.5062
08 Jun 2023,0.7978,4.2528,4.1886,4.5323
09 Jun 2023,0.7949,4.2468,4.1629,4.4947
12 Jun 2023,0.7994,4.346,4.2551,4.5774
13 Jun 2023,0.7934,4.5344,4.361,4.6332
14 Jun 2023,0.7876,4.4964,4.329,4.5911
15 Jun 2023,0.7847,4.5393,4.3164,4.5333
16 Jun 2023,0.7805,4.5644,4.3298,4.5367
19 Jun 2023,0.7815,4.6797,4.4053,4.5696
20 Jun 2023,0.7852,4.5178,4.2451,4.4742
21 Jun 2023,0.7855,4.597,4.3187,4.5384
22 Jun 2023,0.7851,4.5655,4.2892,4.5189
23 Jun 2023,0.7867,4.5575,4.2158,4.4588
26 Jun 2023,0.7868,4.5463,4.1999,4.413
27 Jun 2023,0.7846,4.6745,4.284,4.4301
28 Jun 2023,0.7928,4.5948,4.2383,4.4284
29 Jun 2023,0.7926,4.6216,4.2652,4.4614
30 Jun 2023,0.7865,4.6794,4.2884,4.468
03 Jul 2023,0.7881,4.7352,4.3323,4.4947
04 Jul 2023,0.7858,4.7131,4.3143,4.4844
05 Jul 2023,0.7864,4.787,4.3826,4.5398
06 Jul 2023,0.7877,4.9184,4.5406,4.7091
07 Jul 2023,0.7797,4.8644,4.5455,4.7444
10 Jul 2023,0.7803,4.8607,4.5447,4.733
11 Jul 2023,0.7754,4.881,4.5576,4.7412
12 Jul 2023,0.7694,4.7174,4.4337,4.6654
13 Jul 2023,0.7625,4.6019,4.3601,4.6009
14 Jul 2023,0.7624,4.58,4.3371,4.5722
17 Jul 2023,0.7644,4.5777,4.3617,4.6052
18 Jul 2023,0.7645,4.4778,4.2532,4.513
19 Jul 2023,0.7761,4.291,4.1158,4.3958
20 Jul 2023,0.7781,4.3769,4.1812,4.4463
21 Jul 2023,0.7785,4.3607,4.1803,4.4497
24 Jul 2023,0.7802,4.3407,4.1648,4.4492
25 Jul 2023,0.7778,4.3748,4.1896,4.4739
26 Jul 2023,0.7738,4.4341,4.1971,4.4432
27 Jul 2023,0.7783,4.4391,4.2295,4.4829
28 Jul 2023,0.7774,4.4131,4.2372,4.507
31 Jul 2023,0.7774,4.3854,4.2135,4.4772
01 Aug 2023,0.7836,4.4914,4.3071,4.5527
02 Aug 2023,0.7881,4.471,4.3168,4.5787
03 Aug 2023,0.7876,4.4838,4.3899,4.6916
04 Aug 2023,0.7839,4.4206,4.3269,4.6268
07 Aug 2023,0.783,4.4682,4.3814,4.6882
08 Aug 2023,0.7861,4.4364,4.3142,4.615
09 Aug 2023,0.7854,4.4379,4.3044,4.6102
10 Aug 2023,0.7852,4.4121,4.2945,4.6146
11 Aug 2023,0.7866,4.5526,4.4533,4.7661
14 Aug 2023,0.7898,4.5931,4.4942,4.7983
15 Aug 2023,0.7846,4.6286,4.5246,4.8242
16 Aug 2023,0.7841,4.6501,4.5505,4.8619
17 Aug 2023,0.7839,4.7455,4.6445,4.9501
18 Aug 2023,0.7864,4.7116,4.6084,4.9132
21 Aug 2023,0.7857,4.7586,4.6537,4.9512
22 Aug 2023,0.7854,4.7062,4.5956,4.8907
23 Aug 2023,0.7885,4.5057,4.4118,4.7355
24 Aug 2023,0.7906,4.4794,4.359,4.6748
25 Aug 2023,0.7966,4.527,4.3832,4.6785
29 Aug 2023,0.7943,4.4927,4.3714,4.6868
30 Aug 2023,0.7857,4.4571,4.3564,4.6887
31 Aug 2023,0.7891,4.3822,4.292,4.6307
01 Sep 2023,0.7925,4.4064,4.3443,4.6991
04 Sep 2023,0.7925,4.4602,4.402,4.7793
05 Sep 2023,0.7966,4.5111,4.4451,4.802
06 Sep 2023,0.8006,4.5368,4.4751,4.8158
07 Sep 2023,0.8015,4.4652,4.4205,4.7606
08 Sep 2023,0.801,4.3818,4.3609,4.7257
11 Sep 2023,0.7981,4.4448,4.4295,4.8031
12 Sep 2023,0.8022,4.3803,4.371,4.7607
13 Sep 2023,0.8006,4.3049,4.3033,4.6902
14 Sep 2023,0.8055,4.2177,4.2251,4.6153
15 Sep 2023,0.8068,4.2775,4.308,4.712
18 Sep 2023,0.8078,4.3304,4.3556,4.7601
19 Sep 2023,0.8063,4.2846,4.3027,4.7362
20 Sep 2023,0.8066,4.1433,4.1982,4.6685
21 Sep 2023,0.8138,4.171,4.2514,4.7133
22 Sep 2023,0.8153,4.1361,4.222,4.7169
25 Sep 2023,0.8198,4.165,4.2906,4.8121
26 Sep 2023,0.8218,4.1635,4.2969,4.8201
27 Sep 2023,0.8244,4.2238,4.3219,4.7965
28 Sep 2023,0.8198,4.4023,4.5121,4.9652
29 Sep 2023,0.8192,4.2705,4.3923,4.8901
02 Oct 2023,0.8249,4.3785,4.5236,5.0151
03 Oct 2023,0.8278,4.4079,4.5578,5.0502
04 Oct 2023,0.8254,4.4297,4.5812,5.0399
05 Oct 2023,0.8224,4.3562,4.5238,5.0144
06 Oct 2023,0.8205,4.3986,4.5791,5.082
09 Oct 2023,0.819,4.2998,4.4775,5.0141
10 Oct 2023,0.8159,4.2535,4.424,4.9573
11 Oct 2023,0.8122,4.1955,4.3063,4.7892
12 Oct 2023,0.8187,4.2754,4.3927,4.8758
13 Oct 2023,0.8237,4.2677,4.3747,4.8593
16 Oct 2023,0.8204,4.3379,4.4575,4.9519
17 Oct 2023,0.8209,4.3632,4.5067,4.9913
18 Oct 2023,0.8233,4.496,4.6263,5.0714
19 Oct 2023,0.8235,4.5115,4.6651,5.1183
20 Oct 2023,0.823,4.4458,4.6449,5.151
23 Oct 2023,0.8191,4.4092,4.6085,5.1064
24 Oct 2023,0.8212,4.3455,4.5509,5.0543
25 Oct 2023,0.8235,4.3836,4.5971,5.0882
26 Oct 2023,0.825,4.358,4.591,5.1002
27 Oct 2023,0.8237,4.2906,4.5358,5.0532
30 Oct 2023,0.8226,4.327,4.5623,5.0712
31 Oct 2023,0.8241,4.2932,4.5067,5.0075
01 Nov 2023,0.8247,4.2735,4.4798,4.98
02 Nov 2023,0.8215,4.1749,4.383,4.9015
03 Nov 2023,0.8082,4.0961,4.293,4.8101
06 Nov 2023,0.8066,4.1516,4.3666,4.8715
07 Nov 2023,0.8127,4.0816,4.2795,4.7749
08 Nov 2023,0.8133,4.0656,4.2386,4.7197
09 Nov 2023,0.8139,4.0817,4.2685,4.7546
10 Nov 2023,0.8198,4.1368,4.3173,4.7934
13 Nov 2023,0.8161,4.1573,4.3251,4.7777
14 Nov 2023,0.8029,3.9991,4.1548,4.6043
15 Nov 2023,0.8036,4.035,4.2039,4.6569
16 Nov 2023,0.8036,3.942,4.1182,4.5862
17 Nov 2023,0.8043,3.9494,4.1094,4.5801
20 Nov 2023,0.8004,3.9509,4.1265,4.588
21 Nov 2023,0.7979,3.956,4.1005,4.5653
22 Nov 2023,0.8026,4.026,4.1607,4.6626
23 Nov 2023,0.798,4.1214,4.2365,4.7349
24 Nov 2023,0.7931,4.1613,4.2885,4.7801
27 Nov 2023,0.7932,4.0831,4.2152,4.6965
28 Nov 2023,0.7885,4.0326,4.1689,4.6634
29 Nov 2023,0.7876,3.9344,4.0955,4.6218
30 Nov 2023,0.7901,4.0072,4.1773,4.7011
01 Dec 2023,0.7915,3.9682,4.1664,4.7095
04 Dec 2023,0.7929,4.0086,4.1874,4.7255
05 Dec 2023,0.7929,3.8769,4.0276,4.5768
06 Dec 2023,0.7941,3.8437,3.9694,4.4785
07 Dec 2023,0.7953,3.8616,3.9854,4.4832
08 Dec 2023,0.797,3.9041,4.0283,4.5202
11 Dec 2023,0.7967,3.9662,4.0888,4.5768
12 Dec 2023,0.7961,3.8657,3.9778,4.4892
13 Dec 2023,0.7984,3.7179,3.8472,4.3539
14 Dec 2023,0.7837,3.6423,3.8064,4.3081
15 Dec 2023,0.7875,3.5771,3.7223,4.2095
18 Dec 2023,0.7908,3.5786,3.7167,4.202
19 Dec 2023,0.785,3.5086,3.6611,4.173
20 Dec 2023,0.7894,3.3766,3.5712,4.124
21 Dec 2023,0.7902,3.343,3.5577,4.1218
22 Dec 2023,0.7864,3.3084,3.5323,4.1066
27 Dec 2023,0.7819,3.258,3.4787,4.0716
28 Dec 2023,0.7831,3.2769,3.5144,4.1333
29 Dec 2023,0.7845,3.3054,3.5803,4.1895
02 Jan 2024,0.7921,3.3916,3.6776,4.3147
03 Jan 2024,0.7919,3.4576,3.7114,4.3608
04 Jan 2024,0.7875,3.5087,3.7474,4.3771
05 Jan 2024,0.7842,3.568,3.7869,4.3864
08 Jan 2024,0.7843,3.5888,3.8078,4.4169
09 Jan 2024,0.7872,3.5938,3.8169,4.4197
10 Jan 2024,0.7852,3.6035,3.8374,4.4262
11 Jan 2024,0.7865,3.6318,3.8791,4.4653
12 Jan 2024,0.7836,3.555,3.8448,4.4573
15 Jan 2024,0.7855,3.5524,3.8475,4.4708
16 Jan 2024,0.7895,3.5492,3.8556,4.5083
17 Jan 2024,0.79,3.7396,4.0095,4.638
18 Jan 2024,0.7892,3.6939,3.9775,4.6123
19 Jan 2024,0.7886,3.6916,3.9613,4.5784
22 Jan 2024,0.7861,3.6837,3.9277,4.5303
23 Jan 2024,0.7895,3.777,4.0145,4.5976
24 Jan 2024,0.7841,3.8107,4.0387,4.6265
25 Jan 2024,0.7874,3.772,4.0115,4.6089
26 Jan 2024,0.786,3.7634,4.0169,4.625
29 Jan 2024,0.7888,3.7012,3.948,4.5617
30 Jan 2024,0.7895,3.7278,3.9555,4.5636
31 Jan 2024,0.7854,3.5969,3.8427,4.4855
01 Feb 2024,0.7885,3.5449,3.7828,4.4275
02 Feb 2024,0.7901,3.7461,3.9514,4.5648
05 Feb 2024,0.7987,3.8694,4.0681,4.6599
06 Feb 2024,0.7951,3.79,3.977,4.5642
07 Feb 2024,0.7916,3.8074,3.9957,4.5634
08 Feb 2024,0.7934,3.8907,4.0709,4.62
09 Feb 2024,0.7916,3.9491,4.1114,4.632
12 Feb 2024,0.7927,3.9213,4.0941,4.613
13 Feb 2024,0.7936,4.0151,4.1565,4.6568
14 Feb 2024,0.7969,3.9186,4.0805,4.606
15 Feb 2024,0.7946,3.903,4.0715,4.6165
16 Feb 2024,0.7947,3.9691,4.127,4.663
19 Feb 2024,0.7945,3.9738,4.1347,4.6648
20 Feb 2024,0.7898,3.911,4.0751,4.6241
21 Feb 2024,0.7929,3.9548,4.1104,4.6427
22 Feb 2024,0.7923,3.9667,4.1092,4.6358
23 Feb 2024,0.7888,3.9266,4.0714,4.6197
26 Feb 2024,0.7884,3.9562,4.0935,4.6284
27 Feb 2024,0.7885,4.0015,4.1329,4.6575
28 Feb 2024,0.7903,4.0226,4.1356,4.6533
29 Feb 2024,0.7905,3.9697,4.0735,4.5605
01 Mar 2024,0.7904,3.9428,4.0525,4.5403
04 Mar 2024,0.7875,3.9905,4.0828,4.5606
05 Mar 2024,0.7854,3.8921,3.9553,4.4435
06 Mar 2024,0.7847,3.884,3.9585,4.4434
07 Mar 2024,0.7819,3.9002,3.9555,4.4159
08 Mar 2024,0.7763,3.8533,3.9339,4.4199
11 Mar 2024,0.7809,3.8303,3.9233,4.4141
12 Mar 2024,0.7822,3.8008,3.9009,4.4087
13 Mar 2024,0.7814,3.86,3.9657,4.4635
14 Mar 2024,0.7845,3.9212,4.0388,4.5265
15 Mar 2024,0.7849,3.9418,4.0523,4.5369
18 Mar 2024,0.7854,3.9267,4.0415,4.5251
19 Mar 2024,0.7867,3.8809,4.0077,4.5139
20 Mar 2024,0.7867,3.8379,3.9722,4.4802
21 Mar 2024,0.7894,3.7922,3.9509,4.4862
22 Mar 2024,0.7936,3.7447,3.8991,4.4577
25 Mar 2024,0.7908,3.8005,3.9538,4.4917
26 Mar 2024,0.7919,3.7861,3.9338,4.4591
27 Mar 2024,0.7918,3.7599,3.9078,4.4427
28 Mar 2024,0.7916,3.7501,3.8917,4.4265
02 Apr 2024,0.7957,3.8739,4.0494,4.5847
03 Apr 2024,0.7925,3.8566,4.0392,4.5894
04 Apr 2024,0.7894,3.8054,3.9755,4.5332
05 Apr 2024,0.7927,3.8635,4.0394,4.591
08 Apr 2024,0.7907,3.8847,4.0553,4.6036
09 Apr 2024,0.789,3.8352,3.9912,4.5298
10 Apr 2024,0.7958,3.9644,4.0934,4.6048
11 Apr 2024,0.7988,4.0522,4.1769,4.6907
12 Apr 2024,0.8042,3.9721,4.0902,4.6113
15 Apr 2024,0.8031,4.0715,4.2034,4.724
16 Apr 2024,0.8037,4.1351,4.2578,4.7482
17 Apr 2024,0.8032,4.1365,4.2351,4.7098
18 Apr 2024,0.8036,4.1093,4.2164,4.7085
19 Apr 2024,0.8042,4.0719,4.2108,4.7222
22 Apr 2024,0.811,4.0122,4.1684,4.6825
23 Apr 2024,0.8043,4.0666,4.2149,4.7291
24 Apr 2024,0.8043,4.1457,4.2923,4.7959
25 Apr 2024,0.8007,4.1801,4.3175,4.8143
26 Apr 2024,0.8024,4.1601,4.2794,4.7702
29 Apr 2024,0.7969,4.12,4.2423,4.7361
30 Apr 2024,0.7988,4.1938,4.316,4.7974
01 May 2024,0.8005,4.206,4.3286,4.8105
02 May 2024,0.801,4.1231,4.2587,4.7651
03 May 2024,0.7971,4.0539,4.1976,4.7156
07 May 2024,0.7966,3.9603,4.0893,4.6057
08 May 2024,0.8004,3.9551,4.0929,4.5976
09 May 2024,0.7992,3.9461,4.1053,4.6258
10 May 2024,0.7995,3.9788,4.1261,4.6409
13 May 2024,0.796,3.9833,4.1253,4.6441
14 May 2024,0.7944,3.9832,4.126,4.6413
15 May 2024,0.7906,3.8867,4.0232,4.5313
16 May 2024,0.7894,3.8835,4.0184,4.5319
17 May 2024,0.7875,3.9481,4.0886,4.5967
20 May 2024,0.7869,3.9876,4.1326,4.648
21 May 2024,0.786,3.9665,4.109,4.6257
22 May 2024,0.7859,4.0689,4.1893,4.6749
23 May 2024,0.7867,4.1157,4.219,4.6943
24 May 2024,0.7851,4.1092,4.2137,4.6992
28 May 2024,0.7827,4.1148,4.2294,4.7202
29 May 2024,0.7865,4.2235,4.3476,4.8396
30 May 2024,0.785,4.1926,4.3253,4.8141
31 May 2024,0.7855,4.1463,4.2693,4.7409
03 Jun 2024,0.783,4.0781,4.195,4.6708
04 Jun 2024,0.7825,4.0426,4.1442,4.6089
05 Jun 2024,0.7837,4.046,4.1455,4.6096
06 Jun 2024,0.7829,4.0198,4.1358,4.611
07 Jun 2024,0.7859,4.1024,4.2216,4.6869
10 Jun 2024,0.7863,4.1567,4.287,4.7587
11 Jun 2024,0.7867,4.0998,4.2327,4.73
12 Jun 2024,0.7787,3.9744,4.1044,4.6138
13 Jun 2024,0.7833,3.9833,4.118,4.629
14 Jun 2024,0.7895,3.8972,4.0186,4.5232
17 Jun 2024,0.7886,3.9437,4.0765,4.5857
18 Jun 2024,0.7881,3.8915,4.0314,4.5309
19 Jun 2024,0.7855,3.9024,4.0495,4.5519
20 Jun 2024,0.7883,3.8654,4.0351,4.5635
21 Jun 2024,0.792,3.8835,4.0538,4.5804
24 Jun 2024,0.7882,3.8982,4.0571,4.5841
25 Jun 2024,0.7892,3.8938,4.0439,4.5637
26 Jun 2024,0.7922,3.9659,4.1106,4.6212
27 Jun 2024,0.7905,3.9655,4.1054,4.6104
28 Jun 2024,0.791,3.9903,4.1534,4.6603
01 Jul 2024,0.7907,4.0643,4.251,4.7641
02 Jul 2024,0.7889,4.0408,4.2249,4.7457
03 Jul 2024,0.7836,3.9701,4.1377,4.6532
04 Jul 2024,0.7836,4.0066,4.1771,4.6864
05 Jul 2024,0.7814,3.9388,4.1037,4.6217
08 Jul 2024,0.7792,3.9198,4.0866,4.6113
09 Jul 2024,0.7814,3.9677,4.1429,4.6679
10 Jul 2024,0.7794,3.9393,4.1106,4.6345
11 Jul 2024,0.7738,3.8805,4.0551,4.5749
12 Jul 2024,0.7699,3.9101,4.0936,4.6107
15 Jul 2024,0.7702,3.8956,4.0801,4.5984
16 Jul 2024,0.7723,3.8647,4.0528,4.5656
17 Jul 2024,0.7684,3.8786,4.0577,4.5625
18 Jul 2024,0.7705,3.8338,4.0243,4.5387
19 Jul 2024,0.7742,3.8892,4.1025,4.6243
22 Jul 2024,0.7744,3.9182,4.1173,4.6359
23 Jul 2024,0.7747,3.9131,4.1162,4.6375
24 Jul 2024,0.7741,3.9008,4.1302,4.6532
25 Jul 2024,0.7766,3.8787,4.111,4.653
26 Jul 2024,0.778,3.8584,4.0849,4.6449
29 Jul 2024,0.7784,3.8179,4.0317,4.5953
30 Jul 2024,0.7796,3.8082,4.0268,4.5795
31 Jul 2024,0.7786,3.7421,3.9721,4.5312
01 Aug 2024,0.7817,3.6251,3.861,4.4454
02 Aug 2024,0.7809,3.5847,3.8364,4.4255
05 Aug 2024,0.7838,3.594,3.8451,4.4205
06 Aug 2024,0.7871,3.6553,3.9,4.4557
07 Aug 2024,0.7861,3.6974,3.9515,4.5052
08 Aug 2024,0.7865,3.7035,3.9571,4.5026
09 Aug 2024,0.7835,3.6849,3.9293,4.4866
12 Aug 2024,0.7822,3.6889,3.9252,4.4878
13 Aug 2024,0.7798,3.6332,3.8686,4.436
14 Aug 2024,0.7779,3.5813,3.8112,4.3759
15 Aug 2024,0.7781,3.6855,3.9111,4.4602
16 Aug 2024,0.7758,3.7009,3.9095,4.4461
19 Aug 2024,0.77,3.7264,3.9267,4.4563
20 Aug 2024,0.7674,3.7012,3.8991,4.4305
21 Aug 2024,0.7657,3.6863,3.8863,4.4188
22 Aug 2024,0.7632,3.7472,3.9478,4.4804
23 Aug 2024,0.7582,3.7027,3.8964,4.4203
27 Aug 2024,0.7556,3.7588,3.9632,4.4838
28 Aug 2024,0.7568,3.7624,3.9693,4.4928
29 Aug 2024,0.7601,3.7754,3.9903,4.5179
30 Aug 2024,0.7608,3.7552,3.971,4.4922
02 Sep 2024,0.7604,3.7906,4.0197,4.5379
03 Sep 2024,0.7637,3.7318,3.95,4.4789
04 Sep 2024,0.7598,3.6766,3.8975,4.4376
05 Sep 2024,0.76,3.6687,3.8916,4.429
06 Sep 2024,0.7599,3.6247,3.857,4.4101
09 Sep 2024,0.7646,3.5852,3.8396,4.4099
10 Sep 2024,0.7659,3.5555,3.8099,4.3891
11 Sep 2024,0.7683,3.4592,3.7245,4.3332
12 Sep 2024,0.7646,3.5017,3.7585,4.3528
13 Sep 2024,0.7602,3.4888,3.7499,4.3376
16 Sep 2024,0.7576,3.4725,3.7344,4.3214
17 Sep 2024,0.7583,3.4989,3.7487,4.3283
18 Sep 2024,0.7569,3.5765,3.8254,4.3892
19 Sep 2024,0.7547,3.6037,3.8668,4.4345
20 Sep 2024,0.753,3.6283,3.8943,4.4613
23 Sep 2024,0.749,3.635,3.9149,4.4864
24 Sep 2024,0.7469,3.6355,3.9146,4.4869
25 Sep 2024,0.7477,3.6952,3.971,4.5409
26 Sep 2024,0.7465,3.6841,3.9675,4.5509
27 Sep 2024,0.7459,3.6934,3.9752,4.5669
30 Sep 2024,0.7456,3.7187,3.9915,4.5657
01 Oct 2024,0.7525,3.6669,3.9205,4.4885
02 Oct 2024,0.7547,3.7606,4.0228,4.5836
03 Oct 2024,0.7629,3.7125,3.9959,4.5726
04 Oct 2024,0.7626,3.8635,4.1124,4.6566
07 Oct 2024,0.7646,3.9476,4.1838,4.7087
08 Oct 2024,0.7638,3.9281,4.1746,4.7084
09 Oct 2024,0.765,3.9141,4.1644,4.7053
10 Oct 2024,0.7664,3.9455,4.2108,4.7516
11 Oct 2024,0.7648,3.928,4.2004,4.7405
14 Oct 2024,0.7658,3.9434,4.2268,4.7665
15 Oct 2024,0.7637,3.8819,4.1459,4.6661
16 Oct 2024,0.7687,3.7684,4.0433,4.5681
17 Oct 2024,0.7694,3.8033,4.0897,4.6064
18 Oct 2024,0.7671,3.7686,4.0509,4.5814
21 Oct 2024,0.7691,3.8071,4.1116,4.6553
22 Oct 2024,0.7707,3.8387,4.1464,4.6917
23 Oct 2024,0.7723,3.8913,4.2026,4.7403
24 Oct 2024,0.7716,3.9058,4.2022,4.7335
25 Oct 2024,0.7698,3.9209,4.1986,4.7091
28 Oct 2024,0.7704,3.9712,4.2365,4.7486
29 Oct 2024,0.769,4.0207,4.2856,4.7789
30 Oct 2024,0.7686,4.0748,4.3271,4.83
31 Oct 2024,0.7779,4.1657,4.4096,4.8732
01 Nov 2024,0.7716,4.1838,4.4259,4.9064
04 Nov 2024,0.7704,4.1795,4.4163,4.9107
05 Nov 2024,0.7691,4.2737,4.4883,4.9526
06 Nov 2024,0.7758,4.2968,4.5364,5.0185
07 Nov 2024,0.7694,4.2165,4.4681,4.9636
08 Nov 2024,0.7729,4.1682,4.4052,4.9029
11 Nov 2024,0.777,4.1581,4.391,4.8705
12 Nov 2024,0.7835,4.2275,4.4459,4.8972
13 Nov 2024,0.7859,4.2592,4.4871,4.9146
14 Nov 2024,0.7869,4.213,4.4712,4.9349
15 Nov 2024,0.7919,4.1884,4.4545,4.9314
18 Nov 2024,0.7911,4.1952,4.4537,4.9204
19 Nov 2024,0.7896,4.1652,4.4139,4.8676
20 Nov 2024,0.7903,4.1853,4.4565,4.9333
21 Nov 2024,0.7926,4.1445,4.4132,4.9075
22 Nov 2024,0.7983,4.1041,4.3735,4.8645
25 Nov 2024,0.7967,4.0613,4.3108,4.7967
26 Nov 2024,0.796,4.0844,4.3366,4.829
27 Nov 2024,0.7888,4.0553,4.2854,4.7939
28 Nov 2024,0.7885,4.0201,4.2583,4.7696
29 Nov 2024,0.7869,3.9719,4.2333,4.7489
02 Dec 2024,0.7919,3.9501,4.2086,4.7341
03 Dec 2024,0.7898,3.9614,4.2246,4.7546
04 Dec 2024,0.7869,3.9599,4.2243,4.7572
05 Dec 2024,0.7839,4.0015,4.2561,4.7922
06 Dec 2024,0.7847,4.0074,4.2633,4.8018
09 Dec 2024,0.7815,3.9844,4.253,4.8048
10 Dec 2024,0.7851,4.0233,4.3027,4.8589
11 Dec 2024,0.7847,4.0095,4.3003,4.8613
12 Dec 2024,0.7881,4.0268,4.3265,4.8942
13 Dec 2024,0.7927,4.0883,4.3913,4.9473
16 Dec 2024,0.788,4.1342,4.4232,4.9707
17 Dec 2024,0.7868,4.2236,4.4999,5.0264
18 Dec 2024,0.7879,4.2503,4.5372,5.0459
19 Dec 2024,0.7968,4.2499,4.5773,5.114
20 Dec 2024,0.7974,4.1872,4.5181,5.0574
23 Dec 2024,0.7988,4.2192,4.5569,5.1111
24 Dec 2024,0.7975,4.2535,4.5926,5.1462
27 Dec 2024,0.7951,4.278,4.6235,5.171
30 Dec 2024,0.7993,4.254,4.5959,5.1487
31 Dec 2024,0.7982,4.2211,4.5701,5.1279
